ENABLE_AI_EXTRACTION|True|2026-08-11T16:09:54.634397+00:00
ENABLE_AI_FRAUD|True|2026-08-12T13:30:11.677339+00:00
ENABLE_AI_REPORTS|True|2026-08-11T16:09:54.634397+00:00
ENABLE_ATTESTATION_ANCHORING|True|2026-08-11T16:09:54.634397+00:00
ENABLE_BATCH_ANCHORING|True|2026-08-11T16:09:54.634397+00:00
ENABLE_COMPLIANCE_ENGINE|False|2026-08-11T16:09:54.634397+00:00
ENABLE_EXPIRY_ALERTS|True|2026-08-12T13:30:11.677339+00:00
ENABLE_FRAUD_DETECTION|True|2026-08-12T13:30:11.677339+00:00
ENABLE_GRC_INTEGRATIONS|True|2026-08-11T16:24:10.066398+00:00
ENABLE_ISSUE_CREDENTIAL_SPLIT|True|2026-08-11T16:09:54.634397+00:00
ENABLE_MCP_SERVER|True|2026-08-11T16:09:54.634397+00:00
ENABLE_NEW_CHECKOUTS|True|2026-08-11T16:09:54.634397+00:00
ENABLE_ORG_CREDIT_ENFORCEMENT|True|2026-08-12T13:30:11.677339+00:00
ENABLE_OUTBOUND_WEBHOOKS|True|2026-08-11T16:24:10.066398+00:00
ENABLE_PARTNER_PROVISIONING|True|2026-08-12T13:30:11.677339+00:00
ENABLE_PROD_NETWORK_ANCHORING|True|2026-08-11T16:24:10.066398+00:00
ENABLE_PUBLIC_RECORDS_INGESTION|True|2026-08-11T16:09:54.634397+00:00
ENABLE_PUBLIC_RECORD_ANCHORING|True|2026-08-11T16:09:54.634397+00:00
ENABLE_PUBLIC_RECORD_EMBEDDINGS|True|2026-08-11T16:09:54.634397+00:00
ENABLE_REPORTS|True|2026-08-11T16:09:54.634397+00:00
ENABLE_SEMANTIC_SEARCH|True|2026-08-12T13:30:11.677339+00:00
ENABLE_VERIFICATION_API|True|2026-08-11T16:09:54.634397+00:00
ENABLE_X402_PAYMENTS|True|2026-08-11T16:24:10.066398+00:00
ENABLE_ZK_PROOFS|True|2026-08-11T16:09:54.634397+00:00
MAINTENANCE_MODE|False|2026-08-11T16:09:54.634397+00:00
