block_hash,proof_block_height,proof_row_count,proof_min_created,proof_max_created,anchors_chain_block_height,anchors_row_count,blockstream_height,mempool_height,explorers_agree,chain_minus_proof,chain_minus_anchors,proof_height_correct,anchors_height_correct,block_timestamp_utc
0000000000000000000184338015f1e03ca595a8d4c04fa183d5c86a089a9f78,946502,42,2026-04-24 22:18:30.458865+00,2026-04-24 22:18:30.458865+00,,0,946503,946503,True,1,,False,,1777069773
000000000000000000007df6afde1d63134e7c443d8f2a15803417023bed1d1e,946507,1,2026-04-24 22:58:53.916733+00,2026-04-24 22:58:53.916733+00,,0,946509,946509,True,2,,False,,1777072082
00000000000000000000db2a6ec9cf5e92660bf1da715f005ede5a0625e1c7a7,946511,19,2026-04-24 23:25:09.902211+00,2026-04-24 23:25:09.902211+00,,0,946512,946512,True,1,,False,,1777074034
000000000000000000016a093fd98637cec0c76678f740c9977cdb33ca8917e5,946516,359,2026-04-25 00:16:26.443399+00,2026-04-25 00:16:26.443399+00,,0,946517,946517,True,1,,False,,1777076346
00000000000000000001f9b21acddfbd7cb087e985a180d41c4f5d09163f86c4,946533,14,2026-04-25 04:12:40.529427+00,2026-04-25 04:12:40.529427+00,,0,946534,946534,True,1,,False,,1777090839
00000000000000000001e4a32cc6394ee2b1ce2688a9acb28cde066f86b32dd5,946542,3,2026-04-25 06:20:39.494336+00,2026-04-25 06:20:39.494336+00,,0,946543,946543,True,1,,False,,1777099362
0000000000000000000164f962ceefdefccd15aad02ac98151941126a5281308,946656,14,2026-04-26 00:17:34.556865+00,2026-04-26 00:17:34.556865+00,,0,946657,946657,True,1,,False,,1777162883
0000000000000000000183ca2e890d801a2d2ed7b110eca910e69e95bf4dd25a,946811,64,2026-04-27 01:42:54.0982+00,2026-04-27 01:42:54.0982+00,,0,946812,946812,True,1,,False,,1777254731
000000000000000000014f5fd70581fa3ee79e25a5a5705521e57116fed7fae0,946880,308,2026-04-27 13:10:12.609514+00,2026-04-27 13:10:12.609514+00,,0,946882,946882,True,2,,False,,1777296054
0000000000000000000065d02c6f42fc2038735bb6113e0805850dda277dfa47,946882,55,2026-04-27 13:21:43.497542+00,2026-04-27 13:21:43.497542+00,,0,946883,946883,True,1,,False,,1777296338
00000000000000000000aca5b148595cf6c05f5051477f583ceb3b0d07603702,946883,154,2026-04-27 13:27:33.05546+00,2026-04-27 13:45:55.295089+00,,0,946887,946887,True,4,,False,,1777300190
00000000000000000000d527b9616db1f152678c1d281e05e295bb53ee5ed18c,946945,80,2026-04-28 00:55:56.986329+00,2026-04-28 00:55:56.986329+00,,0,946946,946946,True,1,,False,,1777338551
000000000000000000009d1bbada3f6717214263f5790cde44fa4161a029cff2,947006,89,2026-04-28 09:02:45.165428+00,2026-04-28 09:02:45.165428+00,,0,947011,947011,True,5,,False,,1777370800
000000000000000000001013d4a471ae8498a30d3fba1c407fe027914e79c29e,947024,182,2026-04-28 12:42:40.241742+00,2026-04-28 12:42:40.241742+00,,0,947025,947025,True,1,,False,,1777380316
000000000000000000019aae93675d48ccdf7ba92220e5ecb401c6b7cd6459e6,947057,219,2026-04-28 18:56:12.005749+00,2026-04-28 18:56:12.005749+00,,0,947058,947058,True,1,,False,,1777402760
00000000000000000001ddfb56f0437c1b3751b5298192c78fb9660323351ea2,947103,237,2026-04-29 05:07:09.260718+00,2026-04-29 05:07:09.260718+00,,0,947104,947104,True,1,,False,,1777439793
000000000000000000019f422e12cc5a34c783488e9ee372332809135a0c1961,947113,82,2026-04-29 06:29:57.126052+00,2026-04-29 06:29:57.126052+00,,0,947114,947114,True,1,,False,,1777444453
00000000000000000000dc1fe78e804a086f5c6d3190ba0d328ef869ce61dcbc,947151,135,2026-04-29 12:50:03.787009+00,2026-04-29 12:50:03.787009+00,,0,947152,947152,True,1,,False,,1777467136
000000000000000000003f6ae3791dd14ceea02033895eeb0d1f9e63157ec797,947180,375,2026-04-29 19:09:05.909533+00,2026-04-29 19:09:05.909533+00,,0,947181,947181,True,1,,False,,1777490023
00000000000000000001f141c1caac607d6758fff37ac1870de6f1bff58cbcd1,947214,6,2026-04-30 00:40:39.579924+00,2026-04-30 00:40:39.579924+00,,0,947215,947215,True,1,,False,,1777509913
00000000000000000001b3e50ae290ca44628fadabc77e5d8682afd31e5ffb18,947221,231,2026-04-30 01:22:51.840219+00,2026-04-30 01:22:51.840219+00,,0,947222,947222,True,1,,False,,1777512320
0000000000000000000059a67f77026937458ef1a80a0af41745f3311af7a9e1,947250,30,2026-04-30 06:41:17.956879+00,2026-04-30 06:41:17.956879+00,,0,947251,947251,True,1,,False,,1777531329
00000000000000000001f9473fe9a9f0fb7ad056e25a6d080a0ca9913aa422b1,947253,194,2026-04-30 06:57:09.380312+00,2026-04-30 06:57:09.380312+00,,0,947255,947255,True,2,,False,,1777532727
000000000000000000013c8ab7191677ca8d705350a966c31a8124470e577494,947289,39,2026-04-30 12:39:56.106234+00,2026-04-30 12:39:56.106234+00,,0,947290,947290,True,1,,False,,1777552995
0000000000000000000209a31cfe998d16ef7c745b5397c088b31ad93bf5f0ec,947291,149,2026-04-30 13:11:07.855303+00,2026-04-30 13:11:07.855303+00,,0,947292,947292,True,1,,False,,1777555114
00000000000000000000841343bd45314933a6f663bf03c4cde6cf3eac651b15,947310,1,2026-04-30 17:05:00.685914+00,2026-04-30 17:05:00.685914+00,,0,947311,947311,True,1,,False,,1777569249
00000000000000000001be89d86af4b0f93cbbc2299fd440e64a6223a463c64a,947313,36,2026-04-30 18:39:41.467083+00,2026-04-30 18:39:41.467083+00,,0,947315,947315,True,2,,False,,1777576359
00000000000000000001be89d86af4b0f93cbbc2299fd440e64a6223a463c64a,947314,186,2026-04-30 19:10:37.485267+00,2026-04-30 19:10:37.485267+00,,0,947315,947315,True,1,,False,,1777576359
000000000000000000017a4082f08e7fe3eaf0d897fd057b8f9078fb963c4256,947375,113,2026-05-01 05:06:23.128152+00,2026-05-01 05:06:23.128152+00,,0,947377,947377,True,2,,False,,1777612337
00000000000000000001bfa780229f9cc32368ed5c6e715f52beca958bce6e64,947392,1,2026-05-01 06:45:44.277474+00,2026-05-01 06:45:44.277474+00,,0,947393,947393,True,1,,False,,1777618237
00000000000000000001119342a490b466c7a7287a24b543a0b4efe1d6aa3284,947394,44,2026-05-01 07:06:10.353351+00,2026-05-01 07:06:10.353351+00,,0,947395,947395,True,1,,False,,1777620040
00000000000000000000158323d35524b0e99b5ed5836424b2ad985c18a91c59,947424,36,2026-05-01 12:47:06.515396+00,2026-05-01 12:47:06.515396+00,,0,947427,947427,True,3,,False,,1777641013
0000000000000000000139b1100597ec04787cad469e8f8534ce148d4df065f4,947428,28,2026-05-01 13:27:47.803013+00,2026-05-01 13:27:47.803013+00,,0,947431,947431,True,3,,False,,1777643350
000000000000000000009330505f4b34f9e9e3966f58c05405aa115583861fdb,947448,1,2026-05-01 16:05:50.61405+00,2026-05-01 16:05:50.61405+00,,0,947451,947451,True,3,,False,,1777652586
0000000000000000000133d48f0bfe70a4fd5090297f7b8ecb5742894b9852de,947454,93,2026-05-01 17:05:17.457143+00,2026-05-01 17:05:17.457143+00,,0,947457,947457,True,3,,False,,1777656257
00000000000000000000c83da9f49e4c565f7debc0b2dc3c8a3f21890b900a43,947466,94,2026-05-01 18:49:04.2719+00,2026-05-01 18:49:04.2719+00,,0,947467,947467,True,1,,False,,1777661412
00000000000000000000e58928ae32f067bb4bf824dab7903067ce0af55c4958,947510,241,2026-05-02 00:32:34.379321+00,2026-05-02 00:32:34.379321+00,,0,947511,947511,True,1,,False,,1777682595
000000000000000000001d081195f6491196b516449947516aaecc6247888f99,947514,66,2026-05-02 01:29:41.960672+00,2026-05-02 01:29:41.960672+00,,0,947515,947515,True,1,,False,,1777685496
00000000000000000001ed1a2d7a351f2afc7f50771d4625bfe19598f7661d0b,946873,89,2026-04-27 12:13:41.259153+00,2026-04-27 12:13:41.259153+00,,0,949620,949620,True,2747,,False,,1778914964
000000000000000000020c91854d44d08a06089830a02abc78591d051d1a8039,955620,1000,2026-06-27 07:01:36.146791+00,2026-06-27 07:01:36.592119+00,,0,955621,955621,True,1,,False,,1782544240
000000000000000000010ea1924a6a1a2f421a6c876d6d00eccf82dfdbe3294b,,0,,,955960,1,955960,955960,True,,0,,True,1782756433
000000000000000000001de5b91896adcbfef3beb5b366569c7889450b4f4f72,956034,1000,2026-06-30 07:01:17.44261+00,2026-06-30 07:01:17.789348+00,956035,1000,956035,956035,True,1,0,False,True,1782803055
00000000000000000001909e828906263267e214a9741329f7ea2e30136aaf08,,0,,,957853,1,957853,957853,True,,0,,True,1783943821
00000000000000000001d6ff996aeb651ca62f13e47b1de815f152c18febf2a1,,0,,,958185,1,958185,958185,True,,0,,True,1784139544
000000000000000000009ec36eb9aed09af1854961cfface4a9c638ac6513a45,,0,,,958305,1,958305,958305,True,,0,,True,1784222057
00000000000000000001a1b3f13e013ceba7bfaea0e884c75ed53b1bb7a16c01,,0,,,958310,1,958310,958310,True,,0,,True,1784228594
000000000000000000015dcb819f73faf10256fd7c10c5aa35c5de9a4e839838,,0,,,958589,1000,958589,958589,True,,0,,True,1784394949
0000000000000000000015bab47608b00b7e11d67d160744ede63309b0a7dde4,,0,,,958598,1500,958598,958598,True,,0,,True,1784401332
00000000000000000001b1df831c69fa12d35ede343e17e5804c99ea5f7e35cd,,0,,,958931,2,958931,958931,True,,0,,True,1784582101
00000000000000000001c034094f623bdaa6cfb505419b3a866dc0d5e9327dc6,,0,,,959025,1,959025,959025,True,,0,,True,1784648078
0000000000000000000081027132b25318d6374b61183ae1097b3eb17680e700,,0,,,959060,1,959060,959060,True,,0,,True,1784669374
000000000000000000009d0509a3fdbcc7a310f5ca71141036a03d4fda3483fb,,0,,,959287,1,959287,959287,True,,0,,True,1784827166
00000000000000000000f75af95e5b3866c6fbcca82980fad531467921b13ca7,,0,,,959850,2,959850,959850,True,,0,,True,1785165971
00000000000000000000e05f80f21771b223f8fcd77e858ef415726f6d58aeee,,0,,,960131,4,960131,960131,True,,0,,True,1785347602
000000000000000000017a2a6c55dea35da1e00f918a766cd4d1935ef9054f21,,0,,,960132,7,960132,960132,True,,0,,True,1785347757
000000000000000000005f7a6b4a688a3cb0acfde85d15d0e261ad101a69d44a,960608,2,2026-08-01 18:49:29.490544+00,2026-08-01 18:49:29.490544+00,960608,2,960608,960608,True,0,0,True,True,1785610196
000000000000000000009c26a9609e1956765cb1a89fb4cdd2411b75f208dd76,960611,10000,2026-08-01 19:32:13.981963+00,2026-08-01 19:32:33.769056+00,960613,20000,960613,960613,True,2,0,False,True,1785614258
000000000000000000009c26a9609e1956765cb1a89fb4cdd2411b75f208dd76,960612,10000,2026-08-01 19:53:22.656459+00,2026-08-01 19:54:17.068819+00,960613,20000,960613,960613,True,1,0,False,True,1785614258
00000000000000000001d9eee69dd7d3d0dad8495f61443bd17e89ffa9a26853,960613,7500,2026-08-01 20:12:05.561518+00,2026-08-01 20:12:19.655326+00,960614,7500,960614,960614,True,1,0,False,True,1785615627
00000000000000000000880e4b86d53d2e8e9cec71a3de5ca9667a5f6b92eec4,960614,7500,2026-08-01 20:32:12.499748+00,2026-08-01 20:32:30.156757+00,960615,7500,960615,960615,True,1,0,False,True,1785616728
0000000000000000000064c7f1619747ce45d93da0e141fe89b4161c18947869,960615,180,2026-08-01 20:41:49.120223+00,2026-08-01 20:41:49.120223+00,960616,180,960616,960616,True,1,0,False,True,1785617077
000000000000000000015111ea52bba5a12274d0d24ddfa9c08e61b5d994e75a,960618,9820,2026-08-01 20:52:13.088431+00,2026-08-01 20:52:34.458142+00,960619,9820,960619,960619,True,1,0,False,True,1785617567
00000000000000000000720a9f5dc9c7b2ed4e8805c672b527de73463d0fcd97,960620,180,2026-08-01 21:02:32.549945+00,2026-08-01 21:02:32.549945+00,960622,180,960622,960622,True,2,0,False,True,1785618308
000000000000000000006f91b88fcec1b77f1f5afba9f4779593a3dd1cd313ee,960623,20000,2026-08-01 21:12:11.584981+00,2026-08-01 21:41:42.987405+00,960625,20000,960625,960625,True,2,0,False,True,1785621097
000000000000000000018bd163952921acc26aaace310ace154b3e3eb9e08868,960627,9820,2026-08-01 21:55:38.132977+00,2026-08-01 21:55:55.877826+00,960628,9820,960628,960628,True,1,0,False,True,1785621485
000000000000000000019f0f11172f6d903d884f6b06625bb5f142e1c18ecfed,960628,180,2026-08-01 22:02:07.042675+00,2026-08-01 22:02:07.042675+00,960629,180,960629,960629,True,1,0,False,True,1785622004
000000000000000000014e335f9477f5528498f8dd0ae119254e0780006b05b8,960630,9820,2026-08-01 22:11:41.61397+00,2026-08-01 22:11:58.695025+00,960631,9820,960631,960631,True,1,0,False,True,1785622537
00000000000000000000c3e58852ec61199f4bfbca95308c95b08eab53cbca0e,960633,180,2026-08-01 22:22:30.358723+00,2026-08-01 22:22:30.358723+00,960634,180,960634,960634,True,1,0,False,True,1785623058
000000000000000000006db5b68c5090e4dad2edccf220bd1fe4c7d949d4f227,960635,10000,2026-08-01 22:32:27.270357+00,2026-08-01 22:41:28.896884+00,960637,19820,960637,960637,True,2,0,False,True,1785624866
000000000000000000006db5b68c5090e4dad2edccf220bd1fe4c7d949d4f227,960636,9820,2026-08-01 22:52:09.321194+00,2026-08-01 22:52:30.269426+00,960637,19820,960637,960637,True,1,0,False,True,1785624866
00000000000000000001859b8a381952d6f69f88a1d48ba7f0b36925d022a1b8,960638,20000,2026-08-01 23:01:55.50154+00,2026-08-01 23:32:14.756469+00,960640,20000,960640,960640,True,2,0,False,True,1785627565
00000000000000000001d207d5151bdf35497ba40c4b81488f4e446632ecbb39,960641,180,2026-08-01 23:41:09.046607+00,2026-08-01 23:41:09.046607+00,960642,180,960642,960642,True,1,0,False,True,1785627724
000000000000000000006c9228b8a7212964e23c6279c8e8c3efc553c14c79f2,960644,9820,2026-08-01 23:51:53.652692+00,2026-08-01 23:52:19.907752+00,960647,9820,960647,960647,True,3,0,False,True,1785630345
0000000000000000000163304f68b5eb6886ca97698236d2d7ea9cbf46e5a553,960645,10000,2026-08-02 00:02:52.454135+00,2026-08-02 00:12:01.757034+00,960648,19989,960648,960648,True,3,0,False,True,1785630904
0000000000000000000163304f68b5eb6886ca97698236d2d7ea9cbf46e5a553,960646,180,2026-08-02 00:22:00.5986+00,2026-08-02 00:22:00.5986+00,960648,19989,960648,960648,True,2,0,False,True,1785630904
0000000000000000000163304f68b5eb6886ca97698236d2d7ea9cbf46e5a553,960647,8820,2026-08-02 00:32:10.763592+00,2026-08-02 00:32:30.038145+00,960648,19989,960648,960648,True,1,0,False,True,1785630904
00000000000000000001bde2b7234644491e7d30ebf08150a3b857e278ee5ccc,960648,191,2026-08-02 00:41:29.318577+00,2026-08-02 00:41:29.318577+00,960649,191,960649,960649,True,1,0,False,True,1785631601
0000000000000000000086d50a7a7874d9ffbbf3985c5fe1bca293552d1469ef,960650,9290,2026-08-02 00:52:59.734331+00,2026-08-02 00:54:14.533294+00,960651,9774,960651,960651,True,1,0,False,True,1785632109
000000000000000000004e268c13b005ae1d62b0bfaa6eb000b521a908bad879,960651,1851,2026-08-02 01:04:36.0623+00,2026-08-02 01:04:39.881502+00,960652,1851,960652,960652,True,1,0,False,True,1785632746
000000000000000000016d04faddcf3d755e3311d23b563b31d0690ff2ca10aa,960652,6524,2026-08-02 01:11:56.735352+00,2026-08-02 01:12:11.37933+00,960653,6524,960653,960653,True,1,0,False,True,1785633240
000000000000000000012d7712c14427a3e06d0f8d4a2b86bf746d4453862045,960655,33476,2026-08-02 01:22:05.048474+00,2026-08-02 02:22:37.636415+00,960657,33476,960657,960657,True,2,0,False,True,1785637848
000000000000000000023250e1aacae6ce71cefd015fe37dba380b3aa5e56f42,960657,10000,2026-08-02 02:32:37.501844+00,2026-08-02 02:41:20.973355+00,960658,10000,960658,960658,True,1,0,False,True,1785638973
00000000000000000000ccd200451fd58d4a2d36a915954332c1af8fcdd0153a,960658,10000,2026-08-02 02:51:54.45845+00,2026-08-02 03:04:18.296334+00,960659,10000,960659,960659,True,1,0,False,True,1785639997
00000000000000000001d5d228e74a3bc844e12526395b5160815a44a33ff387,960660,6524,2026-08-02 03:11:31.300435+00,2026-08-02 03:11:41.056028+00,960662,6524,960662,960662,True,2,0,False,True,1785640878
00000000000000000000ab4a4f322ae666b2af547cb232e3a9d60bda6a1d3d80,960663,13476,2026-08-02 03:24:11.140942+00,2026-08-02 03:41:14.270482+00,960665,13476,960665,960665,True,2,0,False,True,1785642392
0000000000000000000159b0f597a07bbcc1c1707229d87e6514af54c8048620,960665,6524,2026-08-02 03:51:08.197142+00,2026-08-02 03:51:19.417847+00,960666,6524,960666,960666,True,1,0,False,True,1785642846
000000000000000000003d1151d90b03fb8ecf85cfadd3de0d113789d8fb23cd,960667,3476,2026-08-02 04:01:52.648221+00,2026-08-02 04:02:10.060574+00,960668,3476,960668,960668,True,1,0,False,True,1785643436
00000000000000000000fd83fbcab253783e56257be3b42f34e2246872d45325,960668,6524,2026-08-02 04:11:14.172661+00,2026-08-02 04:11:29.479744+00,960669,6524,960669,960669,True,1,0,False,True,1785644337
00000000000000000000b892f3270465f258b5dc8b178913c2e655a19f80f9a2,960669,3476,2026-08-02 04:21:31.682567+00,2026-08-02 04:21:38.220361+00,960670,3476,960670,960670,True,1,0,False,True,1785644934
00000000000000000001143086661a5670e7adb39a7c3f6fb55b111eac40efe2,960670,6524,2026-08-02 04:31:56.963402+00,2026-08-02 04:32:13.553544+00,960671,6524,960671,960671,True,1,0,False,True,1785645279
000000000000000000007632c64b280af50d67f7b0f77295793542876488aa15,960671,10000,2026-08-02 04:41:00.785441+00,2026-08-02 04:51:12.682665+00,960673,13476,960673,960673,True,2,0,False,True,1785646933
000000000000000000007632c64b280af50d67f7b0f77295793542876488aa15,960672,3476,2026-08-02 05:01:41.730945+00,2026-08-02 05:01:49.642672+00,960673,13476,960673,960673,True,1,0,False,True,1785646933
00000000000000000001c21e6fe827b1b2551073b4f870364d8c563988d9b565,960673,6524,2026-08-02 05:11:18.988646+00,2026-08-02 05:11:31.76418+00,960674,6524,960674,960674,True,1,0,False,True,1785648331
00000000000000000000727661e77034cc210e5bfa4c1ad9430c0b7ee4c6e285,960674,3476,2026-08-02 05:21:36.473653+00,2026-08-02 05:21:46.128328+00,960675,3476,960675,960675,True,1,0,False,True,1785648138
00000000000000000001aa92c5c01ba3a96e995a8364a06f5c4760780e2265ab,960675,6524,2026-08-02 05:31:49.876469+00,2026-08-02 05:32:05.086675+00,960676,6524,960676,960676,True,1,0,False,True,1785648992
000000000000000000023834ffd4626caef56bc896b9e5fd20ce9a7d5c82a897,960676,3476,2026-08-02 05:41:06.759651+00,2026-08-02 05:41:14.896164+00,960678,10000,960678,960678,True,2,0,False,True,1785650274
000000000000000000023834ffd4626caef56bc896b9e5fd20ce9a7d5c82a897,960677,6524,2026-08-02 05:51:12.552027+00,2026-08-02 05:51:34.751941+00,960678,10000,960678,960678,True,1,0,False,True,1785650274
00000000000000000000142386dae3bc5e54bfe6c488002bbdfd4c9b0c8f76c3,960683,3476,2026-08-02 06:14:17.802703+00,2026-08-02 06:14:30.16961+00,960684,3476,960684,960684,True,1,0,False,True,1785651852
0000000000000000000081db7cf390daaefdfc6abc9f899c0fde6df1cf175783,960684,3532,2026-08-02 06:31:33.643871+00,2026-08-02 06:31:42.171415+00,960685,5003,960685,960685,True,1,0,False,True,1785652845
0000000000000000000081db7cf390daaefdfc6abc9f899c0fde6df1cf175783,960685,1471,2026-08-02 06:30:22.738324+00,2026-08-02 06:30:28.219238+00,960685,5003,960685,960685,True,0,0,True,True,1785652845
000000000000000000007b61d7452fe33fe4441b66429e637b3c3dee06eb0da9,960684,6468,2026-08-02 06:41:03.404375+00,2026-08-02 06:41:19.072972+00,960686,6468,960686,960686,True,2,0,False,True,1785653388
0000000000000000000026b3a3013c2b6bf57e3a1cf4acc2619be0a3e3161509,960687,3531,2026-08-02 06:52:12.176042+00,2026-08-02 06:52:20.765406+00,960688,3531,960688,960688,True,1,0,False,True,1785653575
000000000000000000005b3c4e010081bacdbf9d28771f12bb73102e643bfb77,960690,6468,2026-08-02 07:03:51.214696+00,2026-08-02 07:04:07.099092+00,960691,6468,960691,960691,True,1,0,False,True,1785654385
0000000000000000000150df860e789f1084665ae8fb98ec52bbb65b4d0e3ab1,960691,3531,2026-08-02 07:12:28.213169+00,2026-08-02 07:12:36.863152+00,960692,3531,960692,960692,True,1,0,False,True,1785654954
00000000000000000000c3f4138768f0bcb6f5b8cdd12e08eab0bab00a0d4b08,960694,6468,2026-08-02 07:23:20.988616+00,2026-08-02 07:23:33.224786+00,960695,6468,960695,960695,True,1,0,False,True,1785655630
000000000000000000015704e83ab9e581d347501819521bbbc198589810eb3e,960695,3531,2026-08-02 07:32:29.543358+00,2026-08-02 07:32:39.49996+00,960696,3531,960696,960696,True,1,0,False,True,1785656082
000000000000000000015b3c425be855ce223b2d6048d2c998e5acc4337bbaf3,960696,9999,2026-08-02 07:43:01.990572+00,2026-08-02 07:53:17.90475+00,960698,9999,960698,960698,True,2,0,False,True,1785657324
000000000000000000017412b922dd8aa4060f9ddb50bfdaf5de4c308ca155ae,960698,9999,2026-08-02 08:03:16.528861+00,2026-08-02 08:12:40.950124+00,960700,16467,960700,960700,True,2,0,False,True,1785658971
000000000000000000017412b922dd8aa4060f9ddb50bfdaf5de4c308ca155ae,960699,6468,2026-08-02 08:22:28.95016+00,2026-08-02 08:22:41.268507+00,960700,16467,960700,960700,True,1,0,False,True,1785658971
000000000000000000001a0eedc628b63dd47ff5be83bb6ae4d2cef8bf7b5bdd,960700,3531,2026-08-02 08:32:59.213393+00,2026-08-02 08:33:08.162982+00,960701,3531,960701,960701,True,1,0,False,True,1785659711
0000000000000000000207f13dd78ba5d8ad91078f54aa5925118693c186f536,960702,6468,2026-08-02 08:42:34.40612+00,2026-08-02 08:42:48.761057+00,960705,7137,960705,960705,True,3,0,False,True,1785661438
0000000000000000000207f13dd78ba5d8ad91078f54aa5925118693c186f536,960703,669,2026-08-02 08:54:53.030367+00,2026-08-02 08:54:54.060514+00,960705,7137,960705,960705,True,2,0,False,True,1785661438
000000000000000000001fe75085bf50293dc0067d19450e06a1116e57504b51,960731,4,2026-08-02 12:30:23.089465+00,2026-08-02 12:30:23.089465+00,960732,4,960732,960732,True,1,0,False,True,1785674375
00000000000000000001f1dfa0eb605bae2626d97f59e774b8bcf9ed6ac2293b,960745,6,2026-08-02 15:40:03.013971+00,2026-08-02 15:50:03.567781+00,960746,6,960746,960746,True,1,0,False,True,1785686093
000000000000000000008f6bb38b5e4e26ca64f2609802563c7e478f20bb5819,960747,4,2026-08-02 16:10:14.788806+00,2026-08-02 16:10:14.788806+00,960748,4,960748,960748,True,1,0,False,True,1785687903
000000000000000000007611b21dca0c248ce58c4dbd4afc6e14a7332c313934,960748,2,2026-08-02 16:50:20.504302+00,2026-08-02 16:50:20.504302+00,960749,2,960749,960749,True,1,0,False,True,1785690001
00000000000000000000cd4020ce9b4068b04c25d8a96d02ea572ad26a9ad2f7,960749,370,2026-08-02 17:11:00.398543+00,2026-08-02 17:11:00.398543+00,960750,370,960750,960750,True,1,0,False,True,1785690702
000000000000000000020bda5a76c6cf5a470e1f5647235574c7abfb6abbe8c5,960750,7591,2026-08-02 17:21:26.469682+00,2026-08-02 17:33:20.723782+00,960751,7591,960751,960751,True,1,0,False,True,1785692413
00000000000000000000af8b1c333f100b60e968a26f3609decba65dba8f3463,960752,702,2026-08-02 17:42:28.576752+00,2026-08-02 17:42:30.131372+00,960753,702,960753,960753,True,1,0,False,True,1785693036
000000000000000000021a0874532e1e035fdca6a0f08a4aa04aaa66743bacb3,960753,5932,2026-08-02 17:52:30.251429+00,2026-08-02 17:52:47.454806+00,960754,5933,960754,960754,True,1,0,False,True,1785693438
000000000000000000021a0874532e1e035fdca6a0f08a4aa04aaa66743bacb3,960754,1,2026-08-02 17:45:01.690214+00,2026-08-02 17:45:01.690214+00,960754,5933,960754,960754,True,0,0,True,True,1785693438
000000000000000000005b0146f2454236006c94d9c27e6437a5aadccf184491,960754,3643,2026-08-02 18:03:58.107661+00,2026-08-02 18:04:17.182175+00,960755,3645,960755,960755,True,1,0,False,True,1785694101
000000000000000000005b0146f2454236006c94d9c27e6437a5aadccf184491,960755,2,2026-08-02 17:55:01.672678+00,2026-08-02 18:05:02.996078+00,960755,3645,960755,960755,True,0,0,True,True,1785694101
0000000000000000000054f75c544c412cd99f7d4d7f700fa938522e67508f35,960755,66,2026-08-02 18:12:45.931802+00,2026-08-02 18:12:45.931802+00,960756,66,960756,960756,True,1,0,False,True,1785694704
000000000000000000021609d34e0e9d5e76c09cc27f4dad499113874d9106de,960756,64,2026-08-02 18:20:30.077777+00,2026-08-02 18:20:30.077777+00,960757,64,960757,960757,True,1,0,False,True,1785695389
000000000000000000010c9dd3b6ec880ceff906a72a62f1ab61cf30a3fa8f99,960792,113,2026-08-03 00:20:29.785737+00,2026-08-03 00:20:29.785737+00,960795,113,960795,960795,True,3,0,False,True,1785718817
00000000000000000001cd8141ebfb021c73b0eb887fb3da165afe56b505c834,961040,67,2026-08-04 16:13:02.66928+00,2026-08-04 16:13:02.66928+00,961040,67,961040,961040,True,0,0,True,True,1785860220
00000000000000000001f298035d492dc4b57a640b4cd83a1edfeeefc3920de2,961042,19998,2026-08-04 16:28:19.076565+00,2026-08-04 16:42:29.488807+00,961049,26354,961049,961049,True,7,0,False,True,1785865207
00000000000000000001f298035d492dc4b57a640b4cd83a1edfeeefc3920de2,961045,6356,2026-08-04 17:06:16.239415+00,2026-08-04 17:06:54.769342+00,961049,26354,961049,961049,True,4,0,False,True,1785865207
00000000000000000001207290f18253e205abf9509f88d1995db796f65b1397,961733,1,2026-08-09 13:30:22.009383+00,2026-08-09 13:30:22.009383+00,961733,1,961733,961733,True,0,0,True,True,1786282325
000000000000000000015492531b49fa43000316dd0e6dbbf4937e114672ef85,961733,9998,2026-08-09 13:36:47.427959+00,2026-08-09 13:37:28.742807+00,961734,9998,961734,961734,True,1,0,False,True,1786282987
000000000000000000018d9dade3f068ee7a69564c4a52c1b5c0e9a1d1dace44,961734,1,2026-08-09 13:43:31.628991+00,2026-08-09 13:43:31.628991+00,961735,1,961735,961735,True,1,0,False,True,1786283262
00000000000000000000b8e171780b8bdfb5fcf1fb8d093edb0ddab4e26e856b,961735,9998,2026-08-09 13:52:23.622763+00,2026-08-09 13:52:46.013038+00,961738,9999,961738,961738,True,3,0,False,True,1786285283
00000000000000000000b8e171780b8bdfb5fcf1fb8d093edb0ddab4e26e856b,961736,1,2026-08-09 14:03:40.342012+00,2026-08-09 14:03:40.342012+00,961738,9999,961738,961738,True,2,0,False,True,1786285283
0000000000000000000164232c433702ae694faba603739478d7f1c6ad2dd86b,961737,9998,2026-08-09 14:12:09.815617+00,2026-08-09 14:12:30.657448+00,961739,9998,961739,961739,True,2,0,False,True,1786285309
00000000000000000000347ce8e61c7aef3bfb52d0c9f8eaf3ff2fb250c8a165,961739,9999,2026-08-09 14:22:53.636959+00,2026-08-09 14:33:07.792982+00,961741,10000,961741,961741,True,2,0,False,True,1786286621
00000000000000000000347ce8e61c7aef3bfb52d0c9f8eaf3ff2fb250c8a165,961740,1,2026-08-09 14:42:31.60026+00,2026-08-09 14:42:31.60026+00,961741,10000,961741,961741,True,1,0,False,True,1786286621
00000000000000000001cb251fd1b03958036c3f43653dd9c2cd39aaf0a54246,961741,9999,2026-08-09 14:52:21.81567+00,2026-08-09 15:03:36.818265+00,961743,9999,961743,961743,True,2,0,False,True,1786287958
000000000000000000007d2707a03109d806bbbcde5de213a551cd22d3564c26,961743,8362,2026-08-09 15:12:16.899851+00,2026-08-09 15:12:36.902902+00,961746,8362,961746,961746,True,3,0,False,True,1786290885
0000000000000000000169dffddf4c51a8ff0d493b6712eab4e181269b830742,961797,78,2026-08-10 00:10:15.460596+00,2026-08-10 00:10:15.460596+00,961798,78,961798,961798,True,1,0,False,True,1786320707
00000000000000000001a5fb7772a075201890968fd67c3afed5a6c663f48265,961832,3367,2026-08-10 04:11:54.53408+00,2026-08-10 04:12:03.722947+00,961833,3367,961833,961833,True,1,0,False,True,1786335330
000000000000000000003963058ba9d71a47a95ee2954b3eaab53dd48552eb10,961865,1,2026-08-10 10:40:04.745687+00,2026-08-10 10:40:04.745687+00,961866,1,961866,961866,True,1,0,False,True,1786358613
00000000000000000000c1021250e38a6ac1930294f787eb7f57b50af0318e68,961872,273,2026-08-10 12:10:31.462668+00,2026-08-10 12:10:31.462668+00,961873,273,961873,961873,True,1,0,False,True,1786363940
0000000000000000000179825070a80eeb65f5692d2da1447ab6be6a317b9ad8,961882,407,2026-08-10 14:11:08.84974+00,2026-08-10 14:11:08.84974+00,961885,604,961885,961885,True,3,0,False,True,1786372095
0000000000000000000179825070a80eeb65f5692d2da1447ab6be6a317b9ad8,961883,197,2026-08-10 14:22:35.593244+00,2026-08-10 14:22:35.593244+00,961885,604,961885,961885,True,2,0,False,True,1786372095
000000000000000000008e5d2939e1a19b51563a42bc7aaeabc42c1aa22876af,961886,41,2026-08-10 14:40:12.627028+00,2026-08-10 14:40:12.627028+00,961890,41,961890,961890,True,4,0,False,True,1786375094
000000000000000000019249ad4d012f6c9a2266e242478f75fa0a4059620be1,961892,63,2026-08-10 15:40:19.113583+00,2026-08-10 15:40:19.113583+00,961893,63,961893,961893,True,1,0,False,True,1786376914
00000000000000000000b7441e948214abdc7959784b0eea56e518ca7857e675,961903,150,2026-08-10 18:10:20.079795+00,2026-08-10 18:10:20.079795+00,961904,150,961904,961904,True,1,0,False,True,1786385978
000000000000000000018986a9dd2756903e4138ee2355c9e19c4681d27e3a27,961933,169,2026-08-11 00:10:21.90319+00,2026-08-11 00:10:21.90319+00,961934,169,961934,961934,True,1,0,False,True,1786407279
000000000000000000021e5fee7a43054bd02ab4034c0b122adb9690d286b540,961947,70,2026-08-11 03:10:11.762586+00,2026-08-11 03:10:11.762586+00,961949,70,961949,961949,True,2,0,False,True,1786418476
0000000000000000000069eb53bf357994983f65ab2cccc514339002c6bad59a,961953,72,2026-08-11 03:40:10.71806+00,2026-08-11 03:40:10.71806+00,961954,72,961954,961954,True,1,0,False,True,1786420056
00000000000000000001ee1e80a78c7b2e724d00c5026af4599a7f63826bac9b,961954,3367,2026-08-11 04:11:43.360848+00,2026-08-11 04:11:54.613472+00,961956,3367,961956,961956,True,2,0,False,True,1786421919
00000000000000000001d39c326dbe72ce2a7fb6ff01d82f3321a6623e31482f,961966,47,2026-08-11 06:10:07.362403+00,2026-08-11 06:10:07.362403+00,961967,47,961967,961967,True,1,0,False,True,1786429473
0000000000000000000191267407fb1aa56309741b5581f37b2c8528110cbb5a,961980,22,2026-08-11 08:00:22.284014+00,2026-08-11 08:00:22.284014+00,961981,22,961981,961981,True,1,0,False,True,1786435938
00000000000000000000197e5761818a786e306b1e9a45213bd1d27c8195357f,961981,79,2026-08-11 08:10:16.008558+00,2026-08-11 08:10:16.008558+00,961982,79,961982,961982,True,1,0,False,True,1786436235
000000000000000000015b48c590312355ec2ea1c48f185297a944e48463955c,962003,97,2026-08-11 11:40:14.273266+00,2026-08-11 11:40:14.273266+00,962005,97,962005,962005,True,2,0,False,True,1786449561
000000000000000000013a3320697acff6a196cfe3708e304cd5e4c445086b33,962006,284,2026-08-11 12:10:29.393673+00,2026-08-11 12:10:29.393673+00,962010,316,962010,962010,True,4,0,False,True,1786454753
000000000000000000013a3320697acff6a196cfe3708e304cd5e4c445086b33,962007,32,2026-08-11 12:40:09.173108+00,2026-08-11 12:40:09.173108+00,962010,316,962010,962010,True,3,0,False,True,1786454753
00000000000000000002125a8e652773b25015f1b00a0cf4ac1fd51487222153,962011,95,2026-08-11 13:40:23.910739+00,2026-08-11 13:40:23.910739+00,962012,95,962012,962012,True,1,0,False,True,1786455777
000000000000000000016799c133124feae8e732593e60e030f037836672a374,962012,250,2026-08-11 13:50:29.443519+00,2026-08-11 14:00:52.8501+00,962013,250,962013,962013,True,1,0,False,True,1786457394
0000000000000000000158004723cdcd890d8a6043ca1530685e2c8f0c91a986,962013,425,2026-08-11 14:10:49.760701+00,2026-08-11 14:20:47.475146+00,962016,425,962016,962016,True,3,0,False,True,1786460815
00000000000000000000ee43ef0f60b00c937ea55f076ca8232e3c46d1503b63,962016,441,2026-08-11 15:10:47.119619+00,2026-08-11 15:10:47.119619+00,962017,441,962017,962017,True,1,0,False,True,1786461176
00000000000000000002184adb16f23f45d0443dfc431745d010b89d578c63fe,962018,1092,2026-08-11 15:21:38.096973+00,2026-08-11 15:21:41.137657+00,962019,1092,962019,962019,True,1,0,False,True,1786461984
0000000000000000000023ead00b417fd785ad214e20fe103e19c82819ff4ada,962020,417,2026-08-11 15:32:04.726478+00,2026-08-11 15:32:04.726478+00,962024,417,962024,962024,True,4,0,False,True,1786464428
000000000000000000015cd425bde028655dabc08a0c2461081a900294dc79bc,962030,27,2026-08-11 16:30:17.202759+00,2026-08-11 16:30:17.202759+00,962031,27,962031,962031,True,1,0,False,True,1786465980
00000000000000000000d17cc53ffba65c8442fe816b179d271009ef9dbf5284,962034,25,2026-08-11 17:00:36.342984+00,2026-08-11 17:00:36.342984+00,962037,25,962037,962037,True,3,0,False,True,1786469077
000000000000000000016ac296b1fc4b559b4cefdcca51df47e1e5365e25b946,962040,53,2026-08-11 18:10:12.835891+00,2026-08-11 18:10:12.835891+00,962051,304,962051,962051,True,11,0,False,True,1786479973
000000000000000000016ac296b1fc4b559b4cefdcca51df47e1e5365e25b946,962050,251,2026-08-11 20:21:04.310029+00,2026-08-11 20:21:04.310029+00,962051,304,962051,962051,True,1,0,False,True,1786479973
0000000000000000000078785dc051a46586e30e8e2c7650764fc33175b7a6e7,962052,12,2026-08-11 20:31:07.395477+00,2026-08-11 20:31:07.395477+00,962056,13,962056,962056,True,4,0,False,True,1786484643
0000000000000000000078785dc051a46586e30e8e2c7650764fc33175b7a6e7,962055,1,2026-08-11 21:40:13.728911+00,2026-08-11 21:40:13.728911+00,962056,13,962056,962056,True,1,0,False,True,1786484643
000000000000000000012e84d54e2c76c3337c1f117b23abb4b7e08effe50069,962062,398,2026-08-12 00:10:57.465783+00,2026-08-12 00:10:57.465783+00,962063,398,962063,962063,True,1,0,False,True,1786494099
00000000000000000000e95a138511e03c2822a288d039ad3d3c7831ad0a194a,962085,2535,2026-08-12 04:12:03.047764+00,2026-08-12 04:12:09.836156+00,962087,2535,962087,962087,True,2,0,False,True,1786508837
000000000000000000005953b63c6ee6558a8d18bc466d144846a874e03bddac,962087,832,2026-08-12 04:22:55.446104+00,2026-08-12 04:22:56.980677+00,962088,832,962088,962088,True,1,0,False,True,1786509342
00000000000000000000a321f819ee493e105090c8854869de502013a4ebcc07,962100,4,2026-08-12 06:10:04.119156+00,2026-08-12 06:10:04.119156+00,962101,4,962101,962101,True,1,0,False,True,1786515031
00000000000000000000f721269f1470d6cc536d5eff969a288df068ea24ffd2,962141,2397,2026-08-12 11:42:11.937558+00,2026-08-12 12:10:34.738781+00,962144,2397,962144,962144,True,3,0,False,True,1786538405
000000000000000000011d6e457b166cc79a50faa433ff1850a99a9e328c2f47,962150,70,2026-08-12 13:40:13.719302+00,2026-08-12 13:40:13.719302+00,962153,70,962153,962153,True,3,0,False,True,1786544150
0000000000000000000213115d37dcae0f0a95bcda58f6b4f3d1fcb3d880c061,962166,146,2026-08-12 17:10:24.342693+00,2026-08-12 17:10:24.342693+00,962167,146,962167,962167,True,1,0,False,True,1786554972
00000000000000000001d3421f952af91e627b6bf33cc306796674289a85e935,962169,5,2026-08-12 17:40:12.976053+00,2026-08-12 17:40:12.976053+00,962171,5,962171,962171,True,2,0,False,True,1786557155
000000000000000000022dfd54e0ff9528e9eca2b81492c3ab18998645b0944f,962175,164,2026-08-12 18:10:17.563361+00,2026-08-12 18:10:17.563361+00,962179,164,962179,962179,True,4,0,False,True,1786560690
0000000000000000000047f466c946f625a071137eb94cb68b8ecdcdabbc5815,962185,5,2026-08-12 19:30:43.843955+00,2026-08-12 19:30:43.843955+00,962185,5,962185,962185,True,0,0,True,True,1786563148
000000000000000000002ce70351277ba40fc00d917bb4f3bf9606568896e1b5,962192,1,2026-08-12 20:40:19.449133+00,2026-08-12 20:40:19.449133+00,962195,1,962195,962195,True,3,0,False,True,1786568864
00000000000000000000a83568904533ea4bb873d759823a5e6cbb3f62bdbf1c,962205,324,2026-08-13 00:10:39.40264+00,2026-08-13 00:10:39.40264+00,962208,324,962208,962208,True,3,0,False,True,1786581889
000000000000000000014ae8626a2642ef3a6dd924a6936207c0c3f456588720,962226,131,2026-08-13 03:10:18.466973+00,2026-08-13 03:10:18.466973+00,962227,131,962227,962227,True,1,0,False,True,1786590728
0000000000000000000068ac46b89731e3eccd71396064078303e604afa25b72,962235,3367,2026-08-13 04:11:54.232834+00,2026-08-13 04:12:03.000104+00,962237,3367,962237,962237,True,2,0,False,True,1786596030
00000000000000000000f141a6be643426f8a9bb4947c3d34b57f59fd05d65f0,962254,105,2026-08-13 07:40:16.543419+00,2026-08-13 07:40:16.543419+00,962256,105,962256,962256,True,2,0,False,True,1786608160
000000000000000000005354be44485b3f242e96bf9d02bec5d280f52088c5d0,962286,96,2026-08-13 12:10:15.918958+00,2026-08-13 12:10:15.918958+00,962287,96,962287,962287,True,1,0,False,True,1786624230
00000000000000000000569aa873c453eeb0ef9790456f96bb1bc00f32d56f27,962299,4,2026-08-13 14:40:02.728716+00,2026-08-13 15:00:03.544382+00,962299,4,962299,962299,True,0,0,True,True,1786634576
00000000000000000002339fc8073174b938d55a0eeaeeeae130edfe75b61640,962303,1,2026-08-13 15:25:02.273529+00,2026-08-13 15:25:02.273529+00,962303,1,962303,962303,True,0,0,True,True,1786636857
000000000000000000016956661416d7a9b9bb035fd149ccf4961f80a8978a7f,962318,242,2026-08-13 18:10:42.769828+00,2026-08-13 18:10:42.769828+00,962324,242,962324,962324,True,6,0,False,True,1786648817
00000000000000000000f875a37a8ecef523e8021926d2e99c98693e38101b99,962348,1,2026-08-13 23:25:01.880412+00,2026-08-13 23:25:01.880412+00,962348,1,962348,962348,True,0,0,True,True,1786664372
00000000000000000001c4d90e4c59850a50a56999756efade14ce26d6e01731,962349,1841,2026-08-14 00:00:24.304484+00,2026-08-14 00:12:08.077324+00,962351,1841,962351,962351,True,2,0,False,True,1786667284
00000000000000000001bdbf89b1a83e51b673a17dec149bc7285734217f860b,962352,1467,2026-08-14 00:41:02.312431+00,2026-08-14 00:51:51.419064+00,962355,1492,962355,962355,True,3,0,False,True,1786670474
00000000000000000001bdbf89b1a83e51b673a17dec149bc7285734217f860b,962353,25,2026-08-14 01:02:09.839374+00,2026-08-14 01:02:09.839374+00,962355,1492,962355,962355,True,2,0,False,True,1786670474
0000000000000000000218d404fa7f1917dd2437d4fd8d171e5c1acfee0be4e9,962362,159,2026-08-14 03:10:19.375791+00,2026-08-14 03:10:19.375791+00,962363,159,962363,962363,True,1,0,False,True,1786677134
000000000000000000020cd000d97f77c0f6005e31719f6b841b185b9e73052a,962370,2567,2026-08-14 04:11:31.712091+00,2026-08-14 04:11:39.803051+00,962371,2567,962371,962371,True,1,0,False,True,1786680866
000000000000000000017d8247749524349624e7514292a20da5086510ec3b47,962371,800,2026-08-14 04:22:51.847223+00,2026-08-14 04:22:53.650361+00,962372,800,962372,962372,True,1,0,False,True,1786681485
0000000000000000000082d3ea9e30898f58cbc9e58c77833a8f73c6b8e597b3,962412,5,2026-08-14 10:10:05.169518+00,2026-08-14 10:10:05.169518+00,962413,5,962413,962413,True,1,0,False,True,1786702571
000000000000000000004ed79786b1feb7d256922b6cc72ef2600efe746ef788,962413,125,2026-08-14 10:20:15.061393+00,2026-08-14 10:20:15.061393+00,962414,125,962414,962414,True,1,0,False,True,1786703201
000000000000000000012137cbe2483dcdcc3a3c47e779910c9c9b6c63deee71,962414,27,2026-08-14 10:40:07.378235+00,2026-08-14 10:40:07.378235+00,962415,27,962415,962415,True,1,0,False,True,1786704142
00000000000000000001beea24cdc2b654657a84745fa4698f27cbfd9e9b1c0d,962425,316,2026-08-14 12:10:37.874972+00,2026-08-14 12:10:37.874972+00,962426,316,962426,962426,True,1,0,False,True,1786709602
00000000000000000000cbae3382ebc62558bbb0d99b57d12eec917bf029f235,962426,1,2026-08-14 12:20:48.721208+00,2026-08-14 12:20:48.721208+00,962427,1,962427,962427,True,1,0,False,True,1786710283
00000000000000000000e4bba95e9241359f9cea239a6bbe11f4d0a19c975db5,962435,1,2026-08-14 13:10:21.409389+00,2026-08-14 13:10:21.409389+00,962435,1,962435,962435,True,0,0,True,True,1786713535
000000000000000000012eb86b4590609c3366cd8dd3d196e32d35ac3d9db4b0,962446,3741,2026-08-14 15:01:22.03325+00,2026-08-14 15:22:51.830488+00,962448,3741,962448,962448,True,2,0,False,True,1786721133
000000000000000000021b6cc8b95d3898379806d5e1e748c08b73afe0b0defc,962448,51,2026-08-14 15:31:11.079664+00,2026-08-14 15:31:11.079664+00,962449,51,962449,962449,True,1,0,False,True,1786721592
000000000000000000004d3079dedd1edeac9cd3b303014e077ee7b3233b5bf5,962449,57,2026-08-14 15:40:27.54271+00,2026-08-14 15:40:27.54271+00,962452,10168,962452,962452,True,3,0,False,True,1786724692
000000000000000000004d3079dedd1edeac9cd3b303014e077ee7b3233b5bf5,962450,1641,2026-08-14 15:50:19.851133+00,2026-08-14 16:01:51.83265+00,962452,10168,962452,962452,True,2,0,False,True,1786724692
000000000000000000004d3079dedd1edeac9cd3b303014e077ee7b3233b5bf5,962451,8167,2026-08-14 16:13:14.565013+00,2026-08-14 16:23:44.48233+00,962452,10168,962452,962452,True,1,0,False,True,1786724692
000000000000000000004d3079dedd1edeac9cd3b303014e077ee7b3233b5bf5,962452,303,2026-08-14 16:00:43.069225+00,2026-08-14 16:00:43.069225+00,962452,10168,962452,962452,True,0,0,True,True,1786724692
00000000000000000001c77cc75e41bb965c7ebf737df08eb293884257d8fc7c,962453,227,2026-08-14 16:33:20.542404+00,2026-08-14 16:33:20.542404+00,962454,227,962454,962454,True,1,0,False,True,1786725497
00000000000000000000f761956c739281b462b966371a4c9b3e5299fbc22486,962454,260,2026-08-14 16:41:04.340023+00,2026-08-14 16:41:04.340023+00,962455,260,962455,962455,True,1,0,False,True,1786725700
00000000000000000001ef61939b62ef88d4da67f69b9edc67b44495af670cfb,962458,11240,2026-08-14 16:54:57.884082+00,2026-08-14 17:13:10.100256+00,962461,11240,962461,962461,True,3,0,False,True,1786729201
0000000000000000000183beebf37922cdaec3ab1c49b7c4a8b2a29298eed0a4,962459,2304,2026-08-14 17:23:30.007771+00,2026-08-14 17:23:34.812859+00,962462,2304,962462,962462,True,3,0,False,True,1786729360
00000000000000000000a610ec357c2a6d5ede1b77e6c0d0149a592da32013a9,962463,118,2026-08-14 18:10:12.514402+00,2026-08-14 18:10:12.514402+00,962464,118,962464,962464,True,1,0,False,True,1786731384
000000000000000000014e43184d9a10b5b621f034a8a4a222176bf71876c9ee,962466,78,2026-08-14 19:20:14.942267+00,2026-08-14 19:20:14.942267+00,962467,78,962467,962467,True,1,0,False,True,1786736117
00000000000000000000a0173d5a3347ac2096976990a4106f83ebded2fa61da,962467,1414,2026-08-14 19:41:31.110848+00,2026-08-14 19:41:34.626448+00,962468,1414,962468,962468,True,1,0,False,True,1786736533
00000000000000000000ff490d647c08d4e0a827d65ea90611f4aa534fb6c553,962469,736,2026-08-14 19:52:11.712482+00,2026-08-14 19:52:13.09913+00,962470,736,962470,962470,True,1,0,False,True,1786737477
000000000000000000015a296058ffd2279dc876fe60d2f3c19604aba5a94855,962482,161,2026-08-14 22:10:28.514481+00,2026-08-14 22:10:28.514481+00,962484,161,962484,962484,True,2,0,False,True,1786745732
000000000000000000011ecc1d199a376156ff56dd044343a5b82746e04523b4,962498,179,2026-08-15 00:10:36.770837+00,2026-08-15 00:10:36.770837+00,962502,179,962502,962502,True,4,0,False,True,1786755210
00000000000000000001ad50da5e6a022358acdb7849a79d9f2e1b98d2cf26bd,962520,2444,2026-08-15 04:11:30.243745+00,2026-08-15 04:11:36.178194+00,962521,2444,962521,962521,True,1,0,False,True,1786767134
0000000000000000000229f4d7fc86cccfe0592288c11186c44d14c404d56b80,962532,73,2026-08-15 06:10:16.536501+00,2026-08-15 06:10:16.536501+00,962538,73,962538,962538,True,6,0,False,True,1786778778
000000000000000000018fc3c06985f5e219319b8be202e6c57195c764c1c879,962586,637,2026-08-15 15:11:10.760799+00,2026-08-15 15:11:12.408777+00,962587,637,962587,962587,True,1,0,False,True,1786807187
00000000000000000000a6f4c6f34d7005578dd102dab756c24faf927bb37f07,962587,185,2026-08-15 15:21:45.222785+00,2026-08-15 15:21:45.222785+00,962588,185,962588,962588,True,1,0,False,True,1786807904
00000000000000000000ea138b99984d28fcf31cadb99739a4b4d0bb63e108f9,962608,1,2026-08-15 18:10:03.133635+00,2026-08-15 18:10:03.133635+00,962610,1,962610,962610,True,2,0,False,True,1786817943
00000000000000000000c1df842be7c0e3cbdb124055b5eba34319e693ca4191,962643,5,2026-08-16 00:00:14.414594+00,2026-08-16 00:00:14.414594+00,962644,5,962644,962644,True,1,0,False,True,1786838519
00000000000000000000000646a767f4b8061f14eb4284fdc54fdb826e08f404,962646,1052,2026-08-16 00:11:39.605502+00,2026-08-16 00:11:42.862324+00,962647,1052,962647,962647,True,1,0,False,True,1786839338
00000000000000000001c4d806f6b6cc0308557874aca4949873616b69a090c3,962647,786,2026-08-16 00:22:52.740343+00,2026-08-16 00:22:54.200833+00,962648,786,962648,962648,True,1,0,False,True,1786840118
00000000000000000000a3a215e1222503cdca3243174c6d6e557b995f89c9a8,962672,2444,2026-08-16 04:11:46.08919+00,2026-08-16 04:11:55.563819+00,962673,2444,962673,962673,True,1,0,False,True,1786853955
00000000000000000001dc956261ca83717d0e172a6063dbfdce4fcb4c662212,962719,732,2026-08-16 10:11:06.81691+00,2026-08-16 10:21:27.286615+00,962720,732,962720,962720,True,1,0,False,True,1786876004
00000000000000000000d3f0ec7542a0c9f92cebb8191e51e7eced40c67c56ba,962805,84,2026-08-17 00:20:12.243643+00,2026-08-17 00:20:12.243643+00,962806,84,962806,962806,True,1,0,False,True,1786926255
00000000000000000000910624a1831acb9008f86e086766cb23a32052f55e68,962831,2444,2026-08-17 04:11:44.895051+00,2026-08-17 04:11:51.787485+00,962832,2444,962832,962832,True,1,0,False,True,1786940259
00000000000000000000aa318dbe729237bb279b8559bd603f5e46d204587afa,962871,1,2026-08-17 10:00:04.364205+00,2026-08-17 10:00:04.364205+00,962871,1,962871,962871,True,0,0,True,True,1786960874
000000000000000000020ceeae47f50a39de39c7b988ec5e56d31ee5354fd98a,962879,26,2026-08-17 11:10:06.451343+00,2026-08-17 11:10:06.451343+00,962881,26,962881,962881,True,2,0,False,True,1786966780
00000000000000000001cf17bbd88da2d9fa20349042577be45185ff3d4bade2,962880,10,2026-08-17 11:40:04.868953+00,2026-08-17 11:40:04.868953+00,962882,10,962882,962882,True,2,0,False,True,1786967586
00000000000000000001531d979119984139905536d743c6f21b9b65028d5ba3,962885,198,2026-08-17 12:10:27.075381+00,2026-08-17 12:10:27.075381+00,962887,198,962887,962887,True,2,0,False,True,1786969123
0000000000000000000070b6acfa6c8a8e122989b52ead48d68a872bb57b488c,962922,67,2026-08-17 17:40:11.280268+00,2026-08-17 17:40:11.280268+00,962924,67,962924,962924,True,2,0,False,True,1786989009
00000000000000000001bbaf80ba5bbca4719279f2ba36cdc77a27f08dec4bd0,962926,75,2026-08-17 18:10:06.119589+00,2026-08-17 18:10:06.119589+00,962928,75,962928,962928,True,2,0,False,True,1786991360
00000000000000000001d82375148a11e1dc1b4247c4ac3b2cb7765cebab9197,962930,3,2026-08-17 18:40:03.621127+00,2026-08-17 18:40:03.621127+00,962932,3,962932,962932,True,2,0,False,True,1786993136
0000000000000000000170faa841a03e9fdf600237aa5f87bcbbdc236a3af59f,962934,3,2026-08-17 19:10:03.339029+00,2026-08-17 19:10:03.339029+00,962935,3,962935,962935,True,1,0,False,True,1786994118
000000000000000000006001071f2e9e6d46ac2aa7ba4335662633d386fe6473,962939,2,2026-08-17 19:40:03.397981+00,2026-08-17 19:40:03.397981+00,962940,2,962940,962940,True,1,0,False,True,1786995766
0000000000000000000050630bb6fd6c231b94f29852fdf665606edfb10178c8,962941,7,2026-08-17 20:10:04.102078+00,2026-08-17 20:10:04.102078+00,962944,7,962944,962944,True,3,0,False,True,1786998343
0000000000000000000217a2e759c9143db1946b6a49ddf6a07c2c59b7e9341c,962947,51,2026-08-17 20:40:05.384685+00,2026-08-17 20:40:05.384685+00,962957,68,962957,962957,True,10,0,False,True,1787008220
0000000000000000000217a2e759c9143db1946b6a49ddf6a07c2c59b7e9341c,962948,17,2026-08-17 21:10:10.512701+00,2026-08-17 21:10:10.512701+00,962957,68,962957,962957,True,9,0,False,True,1787008220
00000000000000000000ea4e3ed94fc038f09c9682e1d69c780f70b02604dc9c,962962,184,2026-08-18 00:10:10.81374+00,2026-08-18 00:10:10.81374+00,962964,184,962964,962964,True,2,0,False,True,1787012080
00000000000000000001144bf4b8564e5989fcb39edaaef234c14a8c1b02f98a,962977,8,2026-08-18 03:10:14.217234+00,2026-08-18 03:10:14.217234+00,962978,8,962978,962978,True,1,0,False,True,1787022973
0000000000000000000213ac0854da22da4902eac1d0868481db91c711666794,962984,2444,2026-08-18 04:13:03.161468+00,2026-08-18 04:13:09.534828+00,962985,2444,962985,962985,True,1,0,False,True,1787026994
000000000000000000010a059d6aabc21f97795f8e17fb73b0a639d0fce4fac5,962997,23,2026-08-18 06:10:09.55925+00,2026-08-18 06:10:09.55925+00,962999,23,962999,962999,True,2,0,False,True,1787034122
00000000000000000000bd25a26ee73d7e70a4451e0c8bdc46a257b2f9f78fea,963000,74,2026-08-18 06:40:10.195146+00,2026-08-18 06:40:10.195146+00,963002,74,963002,963002,True,2,0,False,True,1787036503
00000000000000000000eef0efb63a9c0ce1a050c7b3443a6a961df5d1b306ea,963035,148,2026-08-18 12:10:23.161269+00,2026-08-18 12:10:23.161269+00,963037,148,963037,963037,True,2,0,False,True,1787056242
000000000000000000020cb18dcc9019861bf063c22d73c45cbab127d5b3b449,963038,9,2026-08-18 12:40:03.728392+00,2026-08-18 12:40:03.728392+00,963039,9,963039,963039,True,1,0,False,True,1787056899
00000000000000000001d745950a006c834dc288fb552fd1b99504dc1d73544a,963041,7,2026-08-18 13:10:02.76294+00,2026-08-18 13:10:02.76294+00,963042,7,963042,963042,True,1,0,False,True,1787058898
000000000000000000013cecdc4c760e9b521984da41524c081e2d8ded50eceb,963051,18,2026-08-18 14:10:05.062649+00,2026-08-18 14:10:05.062649+00,963052,18,963052,963052,True,1,0,False,True,1787062303
000000000000000000018294c0a2dd5b5e6302377128cd8e348fc37dc80f42d8,963055,1,2026-08-18 14:40:03.582827+00,2026-08-18 14:40:03.582827+00,963057,1,963057,963057,True,2,0,False,True,1787064284
0000000000000000000038b802128a1838d23507204971e65f62322bbfa0dbcb,963060,1,2026-08-18 15:10:03.296234+00,2026-08-18 15:10:03.296234+00,963062,1,963062,963062,True,2,0,False,True,1787067313
000000000000000000003ca0b37d0602dcb6a6a9d01616f61a118f6a6e884591,963062,2,2026-08-18 15:40:03.22104+00,2026-08-18 15:40:03.22104+00,963063,2,963063,963063,True,1,0,False,True,1787067698
00000000000000000001b3fe6f476ebd33bcad1ce2a0a8ce8bdf14f57ca7f085,963067,2,2026-08-18 16:10:03.189228+00,2026-08-18 16:10:03.189228+00,963068,2,963068,963068,True,1,0,False,True,1787069473
0000000000000000000007ffdb84d26345df97f1fa2d5dc6c6c7fd8200da4760,963072,1,2026-08-18 16:40:03.162011+00,2026-08-18 16:40:03.162011+00,963074,1,963074,963074,True,2,0,False,True,1787072114
00000000000000000001bd4e010b7a4af7cdfcdd0e17d7c837da59b548b1309e,963076,2,2026-08-18 17:10:11.666468+00,2026-08-18 17:10:11.666468+00,963078,2,963078,963078,True,2,0,False,True,1787074410
00000000000000000001ba985c29caa8db8f066ba7e0be21e52a0768914a427c,963085,126,2026-08-18 18:10:09.321672+00,2026-08-18 18:10:09.321672+00,963086,126,963086,963086,True,1,0,False,True,1787076676
00000000000000000000e72a67789d156a0db77e8e30a259d2f0627cee99e1c1,963090,10,2026-08-18 18:40:03.810282+00,2026-08-18 19:10:12.507816+00,963100,1915,963100,963100,True,10,0,False,True,1787091097
00000000000000000000e72a67789d156a0db77e8e30a259d2f0627cee99e1c1,963099,1904,2026-08-18 22:03:18.426349+00,2026-08-18 22:10:23.737495+00,963100,1915,963100,963100,True,1,0,False,True,1787091097
00000000000000000000e72a67789d156a0db77e8e30a259d2f0627cee99e1c1,963100,1,2026-08-18 18:45:06.394983+00,2026-08-18 18:45:06.394983+00,963100,1915,963100,963100,True,0,0,True,True,1787091097
000000000000000000007cb176fe5447664982195aa18217d9e057037e4cac7b,963111,228,2026-08-19 00:10:23.046585+00,2026-08-19 00:10:23.046585+00,963119,1039,963119,963119,True,8,0,False,True,1787106944
000000000000000000007cb176fe5447664982195aa18217d9e057037e4cac7b,963112,811,2026-08-19 00:22:43.659901+00,2026-08-19 00:22:45.559375+00,963119,1039,963119,963119,True,7,0,False,True,1787106944
000000000000000000011176e6e3403061cf6209a606de8e06890707213756ff,963121,42,2026-08-19 03:10:10.662786+00,2026-08-19 03:10:10.662786+00,963123,42,963123,963123,True,2,0,False,True,1787109394
00000000000000000001f2e99d8ed1018ab49b267cce811ac144f00692f323b7,963124,2444,2026-08-19 04:10:30.616967+00,2026-08-19 04:10:37.61203+00,963126,2444,963126,963126,True,2,0,False,True,1787113301
0000000000000000000069382cf7f0c892d9ef6535856bfbcf29a80453f09f2c,963143,87,2026-08-19 06:50:25.457158+00,2026-08-19 06:50:25.457158+00,963144,87,963144,963144,True,1,0,False,True,1787122405
000000000000000000006c0b4d444dff3fade49b1d91bf22b35264b0b96b0bba,963161,16,2026-08-19 11:10:03.150671+00,2026-08-19 11:10:03.150671+00,963163,16,963163,963163,True,2,0,False,True,1787138180
00000000000000000001506c2fa3ec1fdd51a3a00da2d20b903b30afe5784f11,963166,4,2026-08-19 11:40:03.286133+00,2026-08-19 11:40:03.286133+00,963170,148,963170,963170,True,4,0,False,True,1787143693
00000000000000000001506c2fa3ec1fdd51a3a00da2d20b903b30afe5784f11,963167,144,2026-08-19 12:10:04.869716+00,2026-08-19 12:10:04.869716+00,963170,148,963170,963170,True,3,0,False,True,1787143693
00000000000000000000d6d43934289f3db4538cf490360ae9b4de3b9f3e5c98,963179,33,2026-08-19 14:40:02.999304+00,2026-08-19 14:40:02.999304+00,963181,33,963181,963181,True,2,0,False,True,1787150492
00000000000000000001233408a4b57c2aa7bf2da1c732ffdd1d252a3966b8b7,963184,3,2026-08-19 15:10:03.320219+00,2026-08-19 15:10:03.320219+00,963186,3,963186,963186,True,2,0,False,True,1787152614
0000000000000000000160e4a17d0f8a9d734d4fa3ab0fba1e35cfdd0735c6bd,963191,5,2026-08-19 16:10:03.707992+00,2026-08-19 16:10:03.707992+00,963192,5,963192,963192,True,1,0,False,True,1787156141
0000000000000000000098e18c93d212bec0cf0ee7f0a6e9870760f2be7ac235,963205,166,2026-08-19 18:10:09.704439+00,2026-08-19 18:10:09.704439+00,963208,166,963208,963208,True,3,0,False,True,1787164735
00000000000000000000bc48115e58124959b1814b2ae9bc9cfeda3cf9d920c7,963208,5,2026-08-19 18:40:04.046447+00,2026-08-19 18:40:04.046447+00,963209,5,963209,963209,True,1,0,False,True,1787164980
000000000000000000012bfb06e42e8c140e6aa9a10e411da64f6588e534336c,963211,5,2026-08-19 19:10:02.472482+00,2026-08-19 19:10:02.472482+00,963213,5,963213,963213,True,2,0,False,True,1787167296
00000000000000000000c2dbdc52658a6ce3e1d3a1f54c264fa329eb3019e771,963216,2263,2026-08-19 19:40:30.969411+00,2026-08-19 19:51:06.873672+00,963221,2275,963221,963221,True,5,0,False,True,1787172332
00000000000000000000c2dbdc52658a6ce3e1d3a1f54c264fa329eb3019e771,963217,12,2026-08-19 20:10:02.847368+00,2026-08-19 20:10:02.847368+00,963221,2275,963221,963221,True,4,0,False,True,1787172332
00000000000000000000583f50131d5ad478ec3f7f849a46a39e63690a9f8b51,963234,209,2026-08-20 00:10:16.223135+00,2026-08-20 00:10:16.223135+00,963235,209,963235,963235,True,1,0,False,True,1787185731
00000000000000000000078011769e060f083326399dfd9c4bd5513decc0a73b,963247,83,2026-08-20 03:10:10.061903+00,2026-08-20 03:10:10.061903+00,963249,83,963249,963249,True,2,0,False,True,1787197000
00000000000000000001e1dfb7e5a2cdd7eefd7aa678183b2d963997a11aac9e,963253,2444,2026-08-20 04:12:49.043612+00,2026-08-20 04:12:56.072875+00,963254,2444,963254,963254,True,1,0,False,True,1787199673
00000000000000000001307bf9b8270d3a7596a3ef285fede2a62423ee9082f0,963263,68,2026-08-20 06:10:07.281544+00,2026-08-20 06:10:07.281544+00,963264,68,963264,963264,True,1,0,False,True,1787206442
00000000000000000001305d6dd23641a54e048cd1c2ca1d63cc4ff6f0a16abb,963267,108,2026-08-20 06:40:12.470979+00,2026-08-20 06:40:12.470979+00,963275,108,963275,963275,True,8,0,False,True,1787214966
000000000000000000007356dc4fbae35d9e5aabf08a925483ddd2380d638082,963304,76,2026-08-20 12:10:07.998148+00,2026-08-20 12:10:07.998148+00,963305,76,963305,963305,True,1,0,False,True,1787228447
00000000000000000001b526d9c88a240b124f0b2e406b413627ac76cbe4973a,963322,1,2026-08-20 14:40:03.076146+00,2026-08-20 14:40:03.076146+00,963322,1,963322,963322,True,0,0,True,True,1787239084
000000000000000000003bcf9a9bdc80cdd84c7b5e7ba5e4b1b5384e7d5bc670,963334,179,2026-08-20 18:10:22.132773+00,2026-08-20 18:10:22.132773+00,963336,179,963336,963336,True,2,0,False,True,1787251056
00000000000000000001a685cd3bb1d7c49c20a1f57643ed130a7f91e2df644b,963354,65,2026-08-20 22:40:09.324152+00,2026-08-20 22:40:09.324152+00,963355,65,963355,963355,True,1,0,False,True,1787265969
00000000000000000000e38fdb428a330630e65d71e2a508266d02f8523ff48a,963361,232,2026-08-21 00:10:25.083522+00,2026-08-21 00:10:25.083522+00,963362,232,963362,963362,True,1,0,False,True,1787271036
00000000000000000000ecb2c0feb89d7d6b1f20a5b140c6113f5c2451975630,963393,2444,2026-08-21 04:12:41.509162+00,2026-08-21 04:12:48.255051+00,963397,2444,963397,963397,True,4,0,False,True,1787289618
00000000000000000000c69dc1b138890651f8e1a09edfc81ea07f7320dd586d,963412,92,2026-08-21 09:10:21.368301+00,2026-08-21 09:10:21.368301+00,963413,92,963413,963413,True,1,0,False,True,1787303459
00000000000000000001c5280764bd615fe9af20f62c78098db423c7a26df0b2,963415,24,2026-08-21 09:20:26.64529+00,2026-08-21 09:20:26.64529+00,963416,24,963416,963416,True,1,0,False,True,1787304074
0000000000000000000054f9b6f13fd4d98a077062d734d006a81df4b9acb5a7,963436,60,2026-08-21 12:10:27.441429+00,2026-08-21 12:10:27.441429+00,963437,60,963437,963437,True,1,0,False,True,1787314508
0000000000000000000000492e82d840cac5d5eb32caede616685bf4d8d34915,963439,1,2026-08-21 12:15:10.719971+00,2026-08-21 12:15:10.719971+00,963439,1,963439,963439,True,0,0,True,True,1787315345
00000000000000000001e48f2cc9b893afd6909ee9be08ec46be1b6d72796447,963440,22,2026-08-21 12:40:02.989414+00,2026-08-21 12:40:02.989414+00,963441,22,963441,963441,True,1,0,False,True,1787316104
000000000000000000021ee1b7ac31fc894abb6b51d67a565cfe2e47b33b16fa,963443,6,2026-08-21 13:10:02.915183+00,2026-08-21 13:10:02.915183+00,963446,6,963446,963446,True,3,0,False,True,1787318642
000000000000000000006dd839214d0c0e676abe574ab7cec0876121464c91e2,963455,15,2026-08-21 14:40:04.47113+00,2026-08-21 15:10:03.730603+00,963458,15,963458,963458,True,3,0,False,True,1787325736
0000000000000000000189b88a7b0253906be7ec2942adbc9ec6a117106d9f63,963463,4,2026-08-21 16:10:03.869742+00,2026-08-21 16:10:03.869742+00,963468,5,963468,963468,True,5,0,False,True,1787331019
0000000000000000000189b88a7b0253906be7ec2942adbc9ec6a117106d9f63,963465,1,2026-08-21 16:40:03.640463+00,2026-08-21 16:40:03.640463+00,963468,5,963468,963468,True,3,0,False,True,1787331019
00000000000000000000def0237b964bca014d6fe3846fa1277ecde72a394f70,963470,1,2026-08-21 17:10:03.755723+00,2026-08-21 17:10:03.755723+00,963476,401,963476,963476,True,6,0,False,True,1787336857
00000000000000000000def0237b964bca014d6fe3846fa1277ecde72a394f70,963474,364,2026-08-21 18:10:15.983758+00,2026-08-21 18:10:15.983758+00,963476,401,963476,963476,True,2,0,False,True,1787336857
00000000000000000000def0237b964bca014d6fe3846fa1277ecde72a394f70,963475,36,2026-08-21 18:20:17.234968+00,2026-08-21 18:20:17.234968+00,963476,401,963476,963476,True,1,0,False,True,1787336857
000000000000000000016437081a64716a6d9315460774c7f1e539e96c8eeaf1,963476,1,2026-08-21 18:40:03.525976+00,2026-08-21 18:40:03.525976+00,963482,5,963482,963482,True,6,0,False,True,1787343039
000000000000000000016437081a64716a6d9315460774c7f1e539e96c8eeaf1,963477,4,2026-08-21 19:10:02.700478+00,2026-08-21 19:10:02.700478+00,963482,5,963482,963482,True,5,0,False,True,1787343039
000000000000000000010edb4901b82dad9a4d69bad5773a9cccaf37122e4e34,963487,430,2026-08-21 21:30:25.347073+00,2026-08-21 21:30:25.347073+00,963488,430,963488,963488,True,1,0,False,True,1787348323
000000000000000000005863e35a01f9d368bcbac4ff00ed89bd7dcff4fad89b,963488,1402,2026-08-21 21:43:00.770182+00,2026-08-21 21:43:04.453777+00,963490,1402,963490,963490,True,2,0,False,True,1787350097
000000000000000000018cd023c93f961f8f4d658a7f643158ac9ab60b7093a4,963495,31,2026-08-21 23:30:03.651146+00,2026-08-21 23:30:03.651146+00,963496,31,963496,963496,True,1,0,False,True,1787355365
000000000000000000019a3a0bd8efe0d1fc679ca43a45b1e599e3417f2fa820,963500,1130,2026-08-22 00:10:18.179377+00,2026-08-22 00:10:21.536019+00,963501,1130,963501,963501,True,1,0,False,True,1787357442
00000000000000000000bb39b157255beb938829ce0408ec22f1fdca29e7726e,963502,952,2026-08-22 00:23:05.003685+00,2026-08-22 00:30:31.435164+00,963503,1451,963503,963503,True,1,0,False,True,1787358955
000000000000000000000659e09e1fce5846a3f82f83e804195c3f7160147ae8,963504,26,2026-08-22 00:40:05.576873+00,2026-08-22 00:40:05.576873+00,963506,26,963506,963506,True,2,0,False,True,1787359295
00000000000000000000f89d2dd9269cd2a42dac95146e057318f2547006fd93,963506,14,2026-08-22 00:50:06.1427+00,2026-08-22 00:50:06.1427+00,963508,14,963508,963508,True,2,0,False,True,1787360583
000000000000000000019104921c2541b1485072e1c8cc2e2836b0e8c664d98e,963508,5,2026-08-22 01:10:10.78558+00,2026-08-22 01:10:10.78558+00,963509,5,963509,963509,True,1,0,False,True,1787361101
0000000000000000000198d903ff1676feccdb7d7345071064cb3684b1a7c4c9,963510,15,2026-08-22 01:40:07.408983+00,2026-08-22 01:40:07.408983+00,963512,15,963512,963512,True,2,0,False,True,1787363615
0000000000000000000226146ab2473338dee9ecd5919d5e002fb315003c3b16,963514,48,2026-08-22 02:20:08.919045+00,2026-08-22 02:30:17.517084+00,963516,51,963516,963516,True,2,0,False,True,1787366587
0000000000000000000226146ab2473338dee9ecd5919d5e002fb315003c3b16,963515,3,2026-08-22 02:40:12.319451+00,2026-08-22 02:40:12.319451+00,963516,51,963516,963516,True,1,0,False,True,1787366587
000000000000000000009c07415bbfdece90b1523d45684a68de55f80018dcea,963528,2408,2026-08-22 04:13:15.639037+00,2026-08-22 04:13:24.494804+00,963529,2408,963529,963529,True,1,0,False,True,1787372343
00000000000000000001f74f342f9231c8b516c7bb973e9a4a7824ac70eb67d0,963529,36,2026-08-22 04:21:04.623294+00,2026-08-22 04:21:04.623294+00,963531,36,963531,963531,True,2,0,False,True,1787373388
00000000000000000000d3500058c5a28f1b91405bc1275677902128d47170fc,963539,57,2026-08-22 05:40:16.375059+00,2026-08-22 05:50:12.134185+00,963541,57,963541,963541,True,2,0,False,True,1787378174
000000000000000000005e7dac3b54f6d940f541fcdfd8d1212220a4e06060e8,963551,1,2026-08-22 07:00:37.781712+00,2026-08-22 07:00:37.781712+00,963551,1,963551,963551,True,0,0,True,True,1787383473
000000000000000000004857f57294764bab7c17e596489cf5ce7844589ea1f5,963597,47,2026-08-22 14:30:19.686371+00,2026-08-22 14:30:19.686371+00,963599,47,963599,963599,True,2,0,False,True,1787409881
000000000000000000005ab36e0ceef9665d898cf503371d67e13bdebf90dabb,963621,2932,2026-08-22 18:42:51.516111+00,2026-08-22 18:42:59.965795+00,963622,2932,963622,963622,True,1,0,False,True,1787424551
00000000000000000001b3d4450d9a2ef7c906fbe8e0caff7ab145ebb4f1942e,963622,228,2026-08-22 18:51:08.078228+00,2026-08-22 19:00:17.078026+00,963624,228,963624,963624,True,2,0,False,True,1787425707
000000000000000000003ffad761f05923c2ac15563d4c67a3f8a4cbe4b8451e,963624,48,2026-08-22 19:10:04.778994+00,2026-08-22 19:10:04.778994+00,963625,48,963625,963625,True,1,0,False,True,1787426122
000000000000000000012cb6b1f814cbe38dba941571efedbd4f0c4086c3e7b6,963625,54,2026-08-22 19:20:04.120606+00,2026-08-22 19:20:04.120606+00,963626,54,963626,963626,True,1,0,False,True,1787426720
000000000000000000008c8e4f334490cd990836327dff806de0eb0a0113556f,963627,2518,2026-08-22 19:31:01.891569+00,2026-08-22 19:40:56.135239+00,963629,3017,963629,963629,True,2,0,False,True,1787427938
00000000000000000000502f3615e3dd6f727d4975e5b8debcc966566b1b81ff,963629,8992,2026-08-22 19:51:10.900557+00,2026-08-22 20:10:32.049971+00,963631,8992,963631,963631,True,2,0,False,True,1787429597
0000000000000000000207a82bd95758364d806a6aedab62deb2ee26122ba847,963631,4009,2026-08-22 20:20:11.061633+00,2026-08-22 20:31:24.829361+00,963634,13376,963634,963634,True,3,0,False,True,1787432329
0000000000000000000207a82bd95758364d806a6aedab62deb2ee26122ba847,963632,9367,2026-08-22 20:40:47.894007+00,2026-08-22 20:51:12.157415+00,963634,13376,963634,963634,True,2,0,False,True,1787432329
00000000000000000000b655d78bc6d34884e586cfcfe1e1685de746bb430755,963634,2965,2026-08-22 21:01:27.584399+00,2026-08-22 21:01:35.447226+00,963637,2965,963637,963637,True,3,0,False,True,1787435101
00000000000000000000eb4c43f4b8c36fbbeb5a8f7ef731fcd7ccc982fc0629,963638,1192,2026-08-22 22:10:16.01406+00,2026-08-22 22:20:34.150052+00,963642,1192,963642,963642,True,4,0,False,True,1787440685
0000000000000000000021c5fe68b74cfc766960ea8ed93b2bcda93cf7845fa8,963647,1,2026-08-23 00:10:08.771398+00,2026-08-23 00:10:08.771398+00,963650,17,963650,963650,True,3,0,False,True,1787446609
0000000000000000000021c5fe68b74cfc766960ea8ed93b2bcda93cf7845fa8,963648,16,2026-08-23 00:50:02.705105+00,2026-08-23 00:50:02.705105+00,963650,17,963650,963650,True,2,0,False,True,1787446609
000000000000000000003535c3bf36150e6ad59fddaffc6889b572a475544245,963674,2444,2026-08-23 04:12:21.941351+00,2026-08-23 04:12:28.180891+00,963675,2444,963675,963675,True,1,0,False,True,1787459016
00000000000000000001391b0601688e32b17f28b2c8b5cc94f2062add31ac09,963721,390,2026-08-23 12:20:18.242609+00,2026-08-23 12:20:18.242609+00,963722,390,963722,963722,True,1,0,False,True,1787487833
00000000000000000000cc8474a704eeea18fa4c7a2ac7cd61d7c70a19da73c9,963723,29,2026-08-23 12:30:09.211985+00,2026-08-23 12:30:09.211985+00,963725,29,963725,963725,True,2,0,False,True,1787489979
00000000000000000000ea37f55ada1f1ac7ee1ee2bee9603f67a17bfb53a5eb,963745,446,2026-08-23 16:10:27.482396+00,2026-08-23 16:10:27.482396+00,963746,446,963746,963746,True,1,0,False,True,1787502006
000000000000000000003087e6e03571da4e571602cc6ed4c876fcccc0f052b4,963747,384,2026-08-23 16:20:52.347276+00,2026-08-23 16:20:52.347276+00,963751,384,963751,963751,True,4,0,False,True,1787505118
000000000000000000007dba8e67544d21635e1440b9dd3ac6ccc16cf2ee5268,963786,84,2026-08-24 00:40:10.06479+00,2026-08-24 00:40:10.06479+00,963787,84,963787,963787,True,1,0,False,True,1787532090
00000000000000000000f51ec8a11ab5589aaee09d63e30fd4d30e7e30d5830d,963806,2444,2026-08-24 04:13:05.311188+00,2026-08-24 04:13:12.733475+00,963807,2444,963807,963807,True,1,0,False,True,1787545040
00000000000000000001e2e3811d884778f32f125a4d196866f05d3793174f6d,963854,69,2026-08-24 12:10:08.926218+00,2026-08-24 12:10:08.926218+00,963855,69,963855,963855,True,1,0,False,True,1787574020
0000000000000000000000ee16e4fc3988b76ad2495c27b9296ea18221bdbaab,963870,158,2026-08-24 15:00:15.915429+00,2026-08-24 15:10:34.713619+00,963873,159,963873,963873,True,3,0,False,True,1787586151
0000000000000000000000ee16e4fc3988b76ad2495c27b9296ea18221bdbaab,963873,1,2026-08-24 15:30:08.73152+00,2026-08-24 15:30:08.73152+00,963873,159,963873,963873,True,0,0,True,True,1787586151
00000000000000000001ac2b34ac937a2e80bcaace4c13ac3c03f6a0f7346237,963889,187,2026-08-24 18:10:23.750152+00,2026-08-24 18:10:23.750152+00,963890,187,963890,963890,True,1,0,False,True,1787595221
0000000000000000000145a9156323e64c1afc1b241ebe4ae981af724421b226,963921,114,2026-08-24 23:40:09.548202+00,2026-08-24 23:40:09.548202+00,963922,114,963922,963922,True,1,0,False,True,1787614930
00000000000000000002175edef5f823abf2d8e8bd0acb5d7d4c7dbff7c9341f,963926,217,2026-08-25 00:10:08.853675+00,2026-08-25 00:10:08.853675+00,963927,217,963927,963927,True,1,0,False,True,1787617339
00000000000000000000bd4fd84979398c07636725a66d6e5ebd9e789f167aa5,963930,91,2026-08-25 00:40:14.105389+00,2026-08-25 00:40:14.105389+00,963931,91,963931,963931,True,1,0,False,True,1787618827
00000000000000000000798c4a9edd933ceecd2c5801129a8d50c7ed383cf095,963931,200,2026-08-25 00:50:33.577962+00,2026-08-25 00:50:33.577962+00,963932,200,963932,963932,True,1,0,False,True,1787619080
00000000000000000000a2bf467b0375d786479103976400f5ec2191b0a2e10e,963938,25,2026-08-25 03:10:09.708805+00,2026-08-25 03:10:09.708805+00,963940,25,963940,963940,True,2,0,False,True,1787629659
00000000000000000001a6ede6c1a4b9c99cbb38cc5d3898a57525dc20637743,963942,2444,2026-08-25 04:11:06.064479+00,2026-08-25 04:11:11.818071+00,963943,2444,963943,963943,True,1,0,False,True,1787631111
00000000000000000001565f885c9747f855677a14b8a1a21ed9bd8d77bda413,963955,90,2026-08-25 05:40:09.404059+00,2026-08-25 05:40:09.404059+00,963956,90,963956,963956,True,1,0,False,True,1787636503
00000000000000000001e6a62cfbd46cb47bbdc3d351074e87c1a14f7397a4f1,964000,102,2026-08-25 12:09:41.051965+00,2026-08-25 12:09:41.051965+00,964001,102,964001,964001,True,1,0,False,True,1787660250
00000000000000000001e7801f84802426a663d71650707c6bdb7c57446dc871,964002,27,2026-08-25 12:40:04.795168+00,2026-08-25 12:40:04.795168+00,964005,29,964005,964005,True,3,0,False,True,1787664057
00000000000000000001e7801f84802426a663d71650707c6bdb7c57446dc871,964003,2,2026-08-25 13:10:02.551483+00,2026-08-25 13:10:02.551483+00,964005,29,964005,964005,True,2,0,False,True,1787664057
00000000000000000000eb4946841c09276d55e3c04693d70ef2680bf71b959c,964014,11,2026-08-25 14:40:04.708194+00,2026-08-25 14:40:04.708194+00,964016,11,964016,964016,True,2,0,False,True,1787669472
00000000000000000000e2d8a69486a34db04c06f0ba306f493cd3bde635a02b,964017,6,2026-08-25 15:10:03.452954+00,2026-08-25 15:20:07.346844+00,964019,6,964019,964019,True,2,0,False,True,1787671701
00000000000000000001e4788abb370dcac889e30f7d28a1fd64141222b03263,964019,4,2026-08-25 15:40:03.686106+00,2026-08-25 15:40:03.686106+00,964020,4,964020,964020,True,1,0,False,True,1787672704
000000000000000000013a89fe1bf98119a8669ac9c4448959ea7816056b8e68,964022,973,2026-08-25 16:04:16.258414+00,2026-08-25 16:04:20.92648+00,964024,973,964024,964024,True,2,0,False,True,1787674419
00000000000000000002374568064e057545e43b1a517975cb8300e6adcb79dd,964024,339,2026-08-25 16:10:41.91244+00,2026-08-25 16:10:41.91244+00,964025,340,964025,964025,True,1,0,False,True,1787674258
00000000000000000002374568064e057545e43b1a517975cb8300e6adcb79dd,964025,1,2026-08-25 16:10:02.911391+00,2026-08-25 16:10:02.911391+00,964025,340,964025,964025,True,0,0,True,True,1787674258
00000000000000000000ee8e999138e2e7eae15e070f8f599684fae2ee461a78,964029,294,2026-08-25 16:40:02.917281+00,2026-08-25 16:50:15.359139+00,964031,294,964031,964031,True,2,0,False,True,1787677073
000000000000000000021477de8af72e4deb4ad164ef617c771f403f96843202,964031,652,2026-08-25 17:03:28.839457+00,2026-08-25 17:03:32.760226+00,964033,652,964033,964033,True,2,0,False,True,1787678193
00000000000000000001f508346a365989ce2b20f1bced8f296dd72ded0626f9,964038,118,2026-08-25 18:10:03.894779+00,2026-08-25 18:10:03.894779+00,964044,118,964044,964044,True,6,0,False,True,1787684948
000000000000000000000a521de12201ce179cf6e2d3bf785684e8ff84ca5aab,964050,51,2026-08-25 20:40:05.485752+00,2026-08-25 20:40:05.485752+00,964052,51,964052,964052,True,2,0,False,True,1787691681
0000000000000000000131daac6f7e7fc2ae95fbc2614ad7e1b9fa1f5b5f19a1,964053,16,2026-08-25 21:10:03.827079+00,2026-08-25 21:10:03.827079+00,964063,16,964063,964063,True,10,0,False,True,1787700888
000000000000000000005a7428ff25bdad56d29af093c5613ed827615d44cce4,964066,98,2026-08-26 00:10:16.921819+00,2026-08-26 00:10:16.921819+00,964068,98,964068,964068,True,2,0,False,True,1787703681
00000000000000000001c86042c1bcf9c35989a92c2f66d335cd759d3b23a2bf,964076,421,2026-08-26 01:20:29.407633+00,2026-08-26 01:20:29.407633+00,964078,421,964078,964078,True,2,0,False,True,1787709418
00000000000000000001dcb0927c698d03ca607217046ff4f055382bb5db395d,964084,2,2026-08-26 03:10:17.963659+00,2026-08-26 03:10:17.963659+00,964085,2,964085,964085,True,1,0,False,True,1787714011
00000000000000000001a012c0dd8efd03ca028264cebd51ef93884a461f7305,964087,2444,2026-08-26 04:10:33.633909+00,2026-08-26 04:10:40.070599+00,964089,2444,964089,964089,True,2,0,False,True,1787717640
000000000000000000015d89a42e08abf5145592f866a3330dd8b64add17853a,964110,92,2026-08-26 08:10:17.681082+00,2026-08-26 08:10:17.681082+00,964111,92,964111,964111,True,1,0,False,True,1787732175
000000000000000000004455af98b6f06cb90876e1145c55b4d80f0bb57cfc3f,964131,41,2026-08-26 12:10:13.115501+00,2026-08-26 12:10:13.115501+00,964134,41,964134,964134,True,3,0,False,True,1787747153
00000000000000000001d00b87646005fbd1b2694c910c6bdc5a66f4f64fc56c,964134,21,2026-08-26 12:40:04.315013+00,2026-08-26 12:40:04.315013+00,964136,21,964136,964136,True,2,0,False,True,1787748603
0000000000000000000233ee5307687130d85f7478bc04a7245716832d5fd0d3,964136,6,2026-08-26 13:10:28.764995+00,2026-08-26 13:10:28.764995+00,964137,6,964137,964137,True,1,0,False,True,1787750465
000000000000000000017295f1a1d4e7bbbe0eb6d1408337f2cc17aaf0ea96b5,964144,7,2026-08-26 13:40:04.132739+00,2026-08-26 13:40:04.132739+00,964145,7,964145,964145,True,1,0,False,True,1787751717
000000000000000000000cf85b754d5a1b5ef9d9f3bab35d700b1e48e542fa13,964146,1,2026-08-26 14:00:04.356404+00,2026-08-26 14:00:04.356404+00,964146,1,964146,964146,True,0,0,True,True,1787753216
000000000000000000005049015b2e3107e6718b1c365446a5564dfcc40cbec3,964148,1,2026-08-26 14:10:03.454753+00,2026-08-26 14:10:03.454753+00,964150,1,964150,964150,True,2,0,False,True,1787753962
00000000000000000001e75bc68cc09b76759c2766a1b5048af9a0dd6561172c,964158,1,2026-08-26 15:10:11.886082+00,2026-08-26 15:10:11.886082+00,964159,1,964159,964159,True,1,0,False,True,1787757280
000000000000000000009ccfd2a31fa00adba5aa4417d4e00e1cbd287e992604,964172,1,2026-08-26 16:45:19.606054+00,2026-08-26 16:45:19.606054+00,964172,1,964172,964172,True,0,0,True,True,1787762813
000000000000000000005768f12eb6956e77885760a1a4288361957db61b462a,964178,143,2026-08-26 18:10:11.301229+00,2026-08-26 18:10:11.301229+00,964179,143,964179,964179,True,1,0,False,True,1787767926
0000000000000000000119171e88ba65f26df1f7339b734a18d839a8e946dc7e,964189,51,2026-08-26 20:00:29.330807+00,2026-08-26 20:00:29.330807+00,964190,51,964190,964190,True,1,0,False,True,1787774681
000000000000000000020161d6f882946190e326e5fd74f8a4c3d79e2797a73a,964191,17,2026-08-26 20:10:30.108505+00,2026-08-26 20:10:30.108505+00,964193,17,964193,964193,True,2,0,False,True,1787775977
00000000000000000000a8dffb8a133ba78311d9bc9121994e0fc2bdce804f07,964201,687,2026-08-26 21:02:14.985737+00,2026-08-26 21:10:15.704199+00,964204,687,964204,964204,True,3,0,False,True,1787780106
00000000000000000001012d7bce9f61cad7237c1dea44fcb58823a632fdf8af,964218,657,2026-08-26 23:40:06.897077+00,2026-08-27 00:10:38.657614+00,964220,657,964220,964220,True,2,0,False,True,1787790250
0000000000000000000157c13f108666bc662c3a2ec287a442ee244324e7faa1,964221,273,2026-08-27 00:40:52.355185+00,2026-08-27 00:40:52.355185+00,964223,273,964223,964223,True,2,0,False,True,1787791851
00000000000000000000ec2116857693a2218c9b859a3d996ced6682b15eda47,964223,543,2026-08-27 00:53:05.227592+00,2026-08-27 01:00:28.617013+00,964224,904,964224,964224,True,1,0,False,True,1787792712
00000000000000000001fe840d12e5eca4b691eceac29ee6a0be114ca3490716,964240,2444,2026-08-27 04:13:48.284641+00,2026-08-27 04:13:55.035957+00,964241,2444,964241,964241,True,1,0,False,True,1787804037
0000000000000000000224c0954d814c039a2b9854380be97e9fa4b13dc77ecc,964250,161,2026-08-27 05:50:15.886154+00,2026-08-27 06:10:04.373138+00,964252,161,964252,964252,True,2,0,False,True,1787811742
000000000000000000019b51f709f7764ecdc40c8a66bb83b715ed21e4ac7bd2,964260,1,2026-08-27 07:00:27.749476+00,2026-08-27 07:00:27.749476+00,964260,1,964260,964260,True,0,0,True,True,1787815690
000000000000000000021ecf830e0b298e5d05634eae99c520410183c70c0a53,964297,104,2026-08-27 12:10:11.45101+00,2026-08-27 12:10:11.45101+00,964302,104,964302,964302,True,5,0,False,True,1787836797
00000000000000000001be932ff9fe514701589c3ca41b19591ae5b1917856d6,964318,4,2026-08-27 16:10:05.489208+00,2026-08-27 16:10:05.489208+00,964320,4,964320,964320,True,2,0,False,True,1787847462
00000000000000000000a15c468b2218b596a5b564b31190a8bad3faed2bf5be,964325,546,2026-08-27 16:50:36.450575+00,2026-08-27 16:50:43.097776+00,964330,2282,964330,964330,True,5,0,False,True,1787853091
00000000000000000000a15c468b2218b596a5b564b31190a8bad3faed2bf5be,964327,1736,2026-08-27 17:10:39.670759+00,2026-08-27 17:20:46.137022+00,964330,2282,964330,964330,True,3,0,False,True,1787853091
000000000000000000015cfa79456d42ae3dd6a71cbfd1afe2b769f618275ce4,964328,68,2026-08-27 17:40:03.640438+00,2026-08-27 17:40:03.640438+00,964333,189,964333,964333,True,5,0,False,True,1787854694
000000000000000000015cfa79456d42ae3dd6a71cbfd1afe2b769f618275ce4,964331,121,2026-08-27 18:10:09.858186+00,2026-08-27 18:10:09.858186+00,964333,189,964333,964333,True,2,0,False,True,1787854694
000000000000000000013a54a816c5cc866212c78fea23e4f7127db87b014609,964344,876,2026-08-27 20:03:45.327761+00,2026-08-27 20:03:47.600831+00,964345,1876,964345,964345,True,1,0,False,True,1787861332
000000000000000000013a54a816c5cc866212c78fea23e4f7127db87b014609,964345,1000,2026-08-27 20:01:16.835436+00,2026-08-27 20:01:19.597308+00,964345,1876,964345,964345,True,0,0,True,True,1787861332
0000000000000000000166af35955314f8ec2300d56f3a04348cead73fde870b,964347,1504,2026-08-27 20:13:48.181973+00,2026-08-27 20:13:52.825954+00,964348,2000,964348,964348,True,1,0,False,True,1787862022
00000000000000000001751eb211e3ea6d25f0c45363c61ce05d1942225b2e1b,964348,602,2026-08-27 20:21:08.456278+00,2026-08-27 20:21:10.027962+00,964349,602,964349,964349,True,1,0,False,True,1787862473
00000000000000000000e296f1183a10e8841edb1201bb00f0d30336323c6729,964349,15,2026-08-27 20:30:22.904563+00,2026-08-27 20:30:22.904563+00,964350,15,964350,964350,True,1,0,False,True,1787862770
00000000000000000001ecfbd6b1ce0fc85d6c82ffec040901ba5ac8f83e4efc,964351,63,2026-08-27 20:40:36.674424+00,2026-08-27 20:50:17.169569+00,964353,63,964353,964353,True,2,0,False,True,1787864313
0000000000000000000062a85a0392cff8671072a9da5e467d769a9a43bd5a24,964354,31,2026-08-27 21:00:11.180088+00,2026-08-27 21:00:11.180088+00,964355,31,964355,964355,True,1,0,False,True,1787864675
00000000000000000000827b69f16e55854e4e3424b70ffa2b8e71ac0982b4a5,964355,4,2026-08-27 21:10:20.64347+00,2026-08-27 21:10:20.64347+00,964356,4,964356,964356,True,1,0,False,True,1787865350
00000000000000000000c9d031e38caa940dd57c846b4871bed95005ca95d682,964357,200,2026-08-27 22:20:08.172401+00,2026-08-27 22:20:08.172401+00,964359,200,964359,964359,True,2,0,False,True,1787871458
000000000000000000012c00a8dc8179c46c17eedb8ed3f4ffd0d497796e4acb,964366,37,2026-08-28 00:40:08.178509+00,2026-08-28 00:40:08.178509+00,964373,37,964373,964373,True,7,0,False,True,1787883433
0000000000000000000066c5866746e3845f7fe23e254903820ba340829ff187,964385,2444,2026-08-28 04:12:37.023711+00,2026-08-28 04:12:45.626876+00,964387,2444,964387,964387,True,2,0,False,True,1787890470
000000000000000000009d99d408838cd16414cceda39d1910e6550ada733368,964399,111,2026-08-28 07:20:08.975097+00,2026-08-28 07:20:08.975097+00,964401,111,964401,964401,True,2,0,False,True,1787901812
0000000000000000000239cbe91c4fe798b72d7bf8d580effbc835ea2c1446e2,964431,50,2026-08-28 12:10:11.200362+00,2026-08-28 12:10:11.200362+00,964432,50,964432,964432,True,1,0,False,True,1787919422
000000000000000000004896e170a7129cea2440a5da0cfb212cd3261b849b99,964441,7,2026-08-28 13:40:19.19923+00,2026-08-28 13:40:19.19923+00,964442,7,964442,964442,True,1,0,False,True,1787924803
000000000000000000015d28a206368b1ecb2c887a8e547c15b7654a8cb5069c,964450,216,2026-08-28 14:50:34.708011+00,2026-08-28 14:50:34.708011+00,964451,216,964451,964451,True,1,0,False,True,1787929121
000000000000000000005f664e30ec74bb62ae31df9b2e564ad81adb7f94b951,964453,7,2026-08-28 15:20:10.605642+00,2026-08-28 15:20:10.605642+00,964466,10,964466,964466,True,13,0,False,True,1787938934
000000000000000000005f664e30ec74bb62ae31df9b2e564ad81adb7f94b951,964466,3,2026-08-28 15:22:37.449588+00,2026-08-28 15:22:37.449588+00,964466,10,964466,964466,True,0,0,True,True,1787938934
00000000000000000001d10034562072f4f0779dc4db384e9c7eb12d0e7b35f7,964469,41,2026-08-28 18:10:11.223964+00,2026-08-28 18:10:11.223964+00,964470,41,964470,964470,True,1,0,False,True,1787941056
0000000000000000000223806ebb4ddc9115e70fc892521b706bfff5c93b8675,964471,1907,2026-08-28 19:10:12.992566+00,2026-08-28 19:30:53.555329+00,964472,1907,964472,964472,True,1,0,False,True,1787945587
0000000000000000000199ea9fa1f5eb09e655da5dec40b206e1fc4394c0a161,964497,314,2026-08-29 00:10:18.40231+00,2026-08-29 00:10:18.40231+00,964498,314,964498,964498,True,1,0,False,True,1787962385
000000000000000000012eb5fe28a7106c81f82065dfdab4e0590d6bf859b42e,964499,281,2026-08-29 00:20:25.617852+00,2026-08-29 00:20:25.617852+00,964502,436,964502,964502,True,3,0,False,True,1787964151
000000000000000000012eb5fe28a7106c81f82065dfdab4e0590d6bf859b42e,964500,155,2026-08-29 00:30:29.237313+00,2026-08-29 00:30:29.237313+00,964502,436,964502,964502,True,2,0,False,True,1787964151
00000000000000000000f5017bd5d202471e4fce692334fa8d5c54725d62a2e5,964522,2444,2026-08-29 04:12:55.848291+00,2026-08-29 04:13:06.072472+00,964524,2444,964524,964524,True,2,0,False,True,1787977204
00000000000000000001b39f787a8986b87c7e6fb7ba54746ad15f4c17a3b5f6,964538,51,2026-08-29 06:40:06.25752+00,2026-08-29 06:40:06.25752+00,964542,51,964542,964542,True,4,0,False,True,1787989912
000000000000000000007342a77172247bfab45c8a0cdbe346a00a935cd1ba71,964584,477,2026-08-29 14:40:27.650118+00,2026-08-29 14:40:27.650118+00,964585,477,964585,964585,True,1,0,False,True,1788014647
000000000000000000014e0dd1d549c66a8953b2b64e7266655dfd724c80422f,964602,1,2026-08-29 18:10:07.718346+00,2026-08-29 18:10:07.718346+00,964603,1,964603,964603,True,1,0,False,True,1788027087
000000000000000000022354cc14bc95f69fabdf7885febac9f3801634d8374e,964643,1025,2026-08-30 00:12:41.860793+00,2026-08-30 00:12:45.06062+00,964644,1025,964644,964644,True,1,0,False,True,1788049238
0000000000000000000041f31ccdda148822c175d3e0df9226efefecea193475,964644,894,2026-08-30 00:22:58.660048+00,2026-08-30 00:23:00.89281+00,964645,894,964645,964645,True,1,0,False,True,1788049680
000000000000000000017e5a899942779b740478eb60d71b1469332c25a6062c,964648,1,2026-08-30 00:45:20.587458+00,2026-08-30 00:45:20.587458+00,964648,1,964648,964648,True,0,0,True,True,1788050908
000000000000000000018c6d27f4f166e2f140257c2e090652207f11b351c3aa,964679,2444,2026-08-30 04:13:03.018767+00,2026-08-30 04:13:13.117163+00,964680,2444,964680,964680,True,1,0,False,True,1788063638
00000000000000000001900e2cc6d9a03d6f203ffd9a48d53f68e9911dc4962a,964733,1058,2026-08-30 13:11:00.800362+00,2026-08-30 13:20:46.769568+00,964734,1058,964734,964734,True,1,0,False,True,1788096348
000000000000000000001b84c686e12f793c9a6b0030e81508508de1b53a9315,964805,123,2026-08-31 00:10:09.18375+00,2026-08-31 00:10:09.18375+00,964807,123,964807,964807,True,2,0,False,True,1788136383
00000000000000000000bb4457f21af2ee2f36267175b3b9816edfb3cd6a1dd0,964825,2444,2026-08-31 04:10:40.370739+00,2026-08-31 04:10:47.447597+00,964828,2444,964828,964828,True,3,0,False,True,1788151628
00000000000000000001e30d77ac837fd51427aa691d15f09caebc94208af95f,964874,42,2026-08-31 12:10:08.318592+00,2026-08-31 12:10:08.318592+00,964875,42,964875,964875,True,1,0,False,True,1788178939
00000000000000000000af10ade84c0ceebac5edaec03aa3cbaa8c79b702629b,964882,396,2026-08-31 13:40:07.854073+00,2026-08-31 13:40:07.854073+00,964883,396,964883,964883,True,1,0,False,True,1788183633
00000000000000000000230468949a717bdccd711367c7572e64d6eaa742f123,964885,209,2026-08-31 13:50:15.266946+00,2026-08-31 13:50:15.266946+00,964886,209,964886,964886,True,1,0,False,True,1788184254
0000000000000000000157f7c42a0d2d5e1a540b4f8d4e3d9a01871d31a9c738,964888,55,2026-08-31 14:00:08.811587+00,2026-08-31 14:00:08.811587+00,964890,55,964890,964890,True,2,0,False,True,1788186125
00000000000000000000a36910b151a09cc7075cb10127c8b370d652a9ef42c7,964897,1,2026-08-31 14:45:07.781968+00,2026-08-31 14:45:07.781968+00,964897,1,964897,964897,True,0,0,True,True,1788187791
00000000000000000000f8507441ca0777ae0a37faf4b31de3c304c6a6378e45,964900,190,2026-08-31 15:30:12.419709+00,2026-08-31 15:30:12.419709+00,964903,205,964903,964903,True,3,0,False,True,1788192053
00000000000000000000f8507441ca0777ae0a37faf4b31de3c304c6a6378e45,964901,9,2026-08-31 15:40:06.345472+00,2026-08-31 15:50:02.899611+00,964903,205,964903,964903,True,2,0,False,True,1788192053
00000000000000000000f8507441ca0777ae0a37faf4b31de3c304c6a6378e45,964902,6,2026-08-31 16:00:03.649385+00,2026-08-31 16:00:03.649385+00,964903,205,964903,964903,True,1,0,False,True,1788192053
0000000000000000000090ddfe6a3b67d2921df00d0b2cee7eb33fef91438c92,964903,5,2026-08-31 16:10:02.994251+00,2026-08-31 16:10:02.994251+00,964905,7,964905,964905,True,2,0,False,True,1788193306
0000000000000000000090ddfe6a3b67d2921df00d0b2cee7eb33fef91438c92,964904,2,2026-08-31 16:20:02.691451+00,2026-08-31 16:20:02.691451+00,964905,7,964905,964905,True,1,0,False,True,1788193306
000000000000000000002ea597c9b692a8f96bc2ec7b16766e1084c23712cd71,964905,6,2026-08-31 16:30:03.082048+00,2026-08-31 16:30:03.082048+00,964906,6,964906,964906,True,1,0,False,True,1788193922
0000000000000000000180ca5790bb33cee274fd65b766e75b47854d9b8a9386,964906,3,2026-08-31 16:40:02.905296+00,2026-08-31 16:40:02.905296+00,964908,3,964908,964908,True,2,0,False,True,1788194750
0000000000000000000168c24a24fa7c7ad719c834f97fb976f1e2992c7db9b1,964909,19,2026-08-31 16:50:03.804902+00,2026-08-31 16:50:03.804902+00,964910,19,964910,964910,True,1,0,False,True,1788195142
000000000000000000004dc77912e5f5dc9d5e60fdb738d81a4deb418e8a806b,964911,22,2026-08-31 17:00:05.234887+00,2026-08-31 17:00:05.234887+00,964912,22,964912,964912,True,1,0,False,True,1788195637
000000000000000000020669caafd61c6b0c588a319542734d28d5bec2ba1c8e,964912,62,2026-08-31 17:10:03.693776+00,2026-08-31 17:10:03.693776+00,964914,62,964914,964914,True,2,0,False,True,1788196403
00000000000000000001f8c949f8189e999418bcd7a8547e2638c77d6fd7eac6,964914,396,2026-08-31 17:20:04.826285+00,2026-08-31 17:30:14.623836+00,964919,7192,964919,964919,True,5,0,False,True,1788201502
00000000000000000001f8c949f8189e999418bcd7a8547e2638c77d6fd7eac6,964915,6769,2026-08-31 17:40:22.363975+00,2026-08-31 18:01:39.831276+00,964919,7192,964919,964919,True,4,0,False,True,1788201502
00000000000000000001f8c949f8189e999418bcd7a8547e2638c77d6fd7eac6,964916,26,2026-08-31 18:10:26.669575+00,2026-08-31 18:10:26.669575+00,964919,7192,964919,964919,True,3,0,False,True,1788201502
00000000000000000001f8c949f8189e999418bcd7a8547e2638c77d6fd7eac6,964919,1,2026-08-31 18:05:02.51898+00,2026-08-31 18:05:02.51898+00,964919,7192,964919,964919,True,0,0,True,True,1788201502
0000000000000000000036d3fbe70c06a36cb67816e4b636c2ea88bd7e8fc131,964958,200,2026-09-01 00:10:14.545837+00,2026-09-01 00:10:14.545837+00,964962,200,964962,964962,True,4,0,False,True,1788225341
00000000000000000000b67ee475386dcee13e21c2d994356ad23b4f808cf17d,964959,7,2026-09-01 00:40:08.647495+00,2026-09-01 00:40:08.647495+00,964963,7,964963,964963,True,4,0,False,True,1788225540
000000000000000000002b12b94d6a7a4685bb2a591fa0f1cfdacd418a337627,964973,38,2026-09-01 03:10:07.515179+00,2026-09-01 03:10:07.515179+00,964975,38,964975,964975,True,2,0,False,True,1788233442
00000000000000000000bbbc35c5738a18ca30cdecf795d5f71e4e6f9f359a4e,964978,2444,2026-09-01 04:10:26.142083+00,2026-09-01 04:10:33.257984+00,964980,2444,964980,964980,True,2,0,False,True,1788237263
0000000000000000000081ebc33d8e010856fdcbd8235f5e465f636244e32368,965005,116,2026-09-01 07:50:05.114947+00,2026-09-01 07:50:05.114947+00,965010,116,965010,965010,True,5,0,False,True,1788252676
00000000000000000001d4be742de1cb1d2a4f05a3ac31791dc8441302accb52,965032,120,2026-09-01 12:10:11.459378+00,2026-09-01 12:10:11.459378+00,965033,120,965033,965033,True,1,0,False,True,1788265085
00000000000000000001296f9b8e829d60cf962c664ce5e887b72da3b0110b1d,965052,1112,2026-09-01 15:00:29.943312+00,2026-09-01 15:00:33.707868+00,965053,1112,965053,965053,True,1,0,False,True,1788275007
000000000000000000003f505985b18ed5e5b35c6f937f174dc552864a0a79be,965053,252,2026-09-01 15:10:21.24752+00,2026-09-01 15:10:21.24752+00,965055,252,965055,965055,True,2,0,False,True,1788276652
0000000000000000000157fba3f469156852ce724a1b07c200b0a0075aeee31f,965056,1,2026-09-01 16:10:03.643393+00,2026-09-01 16:10:03.643393+00,965057,1,965057,965057,True,1,0,False,True,1788279550
000000000000000000010778d451055387776f953d41b3028af012fef9c34057,965057,1,2026-09-01 16:20:11.874712+00,2026-09-01 16:20:11.874712+00,965058,1,965058,965058,True,1,0,False,True,1788279670
000000000000000000010bd566401097ebfc313b6db7cd492f0f4c34782474ed,965059,575,2026-09-01 16:50:17.198526+00,2026-09-01 16:50:18.608817+00,965060,575,965060,965060,True,1,0,False,True,1788281722
00000000000000000001ea0a87ab832a83df04f2bf3e9ea7ab5446a877703f06,965062,317,2026-09-01 17:20:19.438185+00,2026-09-01 17:20:19.438185+00,965063,317,965063,965063,True,1,0,False,True,1788284006
0000000000000000000110ddcc794f58002bfdeb73ea108b93752e4149bb956a,965065,198,2026-09-01 18:10:14.779497+00,2026-09-01 18:10:14.779497+00,965066,198,965066,965066,True,1,0,False,True,1788286285
000000000000000000021cc6b827757399ccd1cb5d8fbcfee13616ffd02c058f,965072,8,2026-09-01 19:10:08.505906+00,2026-09-01 19:10:08.505906+00,965073,8,965073,965073,True,1,0,False,True,1788289833
00000000000000000000159da4953162bbc0e9bde0fedeb90db062686b70e042,965101,141,2026-09-02 00:10:23.052318+00,2026-09-02 00:10:23.052318+00,965102,141,965102,965102,True,1,0,False,True,1788308094
00000000000000000001443435dddd8afb58195689a05da115aa40803431a281,965103,4323,2026-09-02 00:30:07.243434+00,2026-09-02 00:41:14.982024+00,965105,6439,965105,965105,True,2,0,False,True,1788311375
00000000000000000001443435dddd8afb58195689a05da115aa40803431a281,965104,2116,2026-09-02 00:51:05.772933+00,2026-09-02 01:00:26.994056+00,965105,6439,965105,965105,True,1,0,False,True,1788311375
0000000000000000000237ae33c958879ea80760be3ea3c72c28e3f5cecc3f61,965105,18,2026-09-02 01:10:06.316195+00,2026-09-02 01:10:06.316195+00,965106,18,965106,965106,True,1,0,False,True,1788311488
00000000000000000002079f445c0148048ce8ef734669a0aecf38b66e7f9de5,965106,25,2026-09-02 01:20:06.856653+00,2026-09-02 01:20:06.856653+00,965107,25,965107,965107,True,1,0,False,True,1788312481
000000000000000000020900f856e7e8b379179abde3a3c12cf84c418bb6c9f9,965107,10,2026-09-02 01:30:05.967133+00,2026-09-02 01:30:05.967133+00,965109,10,965109,965109,True,2,0,False,True,1788312970
00000000000000000000df8bccaf80ce5198186989ca5b2e99f36f7b985f6440,965109,4,2026-09-02 01:40:04.643526+00,2026-09-02 01:40:04.643526+00,965110,4,965110,965110,True,1,0,False,True,1788313369
000000000000000000001d2652a5fa4a2f2aa31482bdc7a598c56cac0ac29df1,965111,32,2026-09-02 01:50:11.514197+00,2026-09-02 01:50:11.514197+00,965112,32,965112,965112,True,1,0,False,True,1788313991
00000000000000000001811eb31b474d6e7a2770544147812cb22c31917915a5,965112,4331,2026-09-02 02:01:28.77663+00,2026-09-02 02:01:47.242193+00,965116,10955,965116,965116,True,4,0,False,True,1788318304
00000000000000000001811eb31b474d6e7a2770544147812cb22c31917915a5,965113,6206,2026-09-02 02:21:15.516647+00,2026-09-02 02:31:11.864727+00,965116,10955,965116,965116,True,3,0,False,True,1788318304
00000000000000000001811eb31b474d6e7a2770544147812cb22c31917915a5,965114,418,2026-09-02 02:40:18.90666+00,2026-09-02 02:50:07.091637+00,965116,10955,965116,965116,True,2,0,False,True,1788318304
00000000000000000001d6a7334dd6624a03397ed241c9a276b13b7c9db27bf4,965115,4952,2026-09-02 03:04:45.94629+00,2026-09-02 03:05:17.059852+00,965117,4952,965117,965117,True,2,0,False,True,1788318635
00000000000000000000cabe1831233b7dff62634a8b31600b5a81e8d538883c,965117,5606,2026-09-02 03:11:15.91665+00,2026-09-02 03:20:51.528205+00,965118,5606,965118,965118,True,1,0,False,True,1788319403
000000000000000000003c564bc9e2c5c02c6b3c5cbd4780f7b8d421cc021f1c,965119,2444,2026-09-02 04:10:33.585386+00,2026-09-02 04:10:40.437495+00,965121,2444,965121,965121,True,2,0,False,True,1788325101
000000000000000000001c50df7cd1a08bf8da5e7957a2ec13276a86c2122b37,965122,85,2026-09-02 05:20:03.986507+00,2026-09-02 05:20:03.986507+00,965123,85,965123,965123,True,1,0,False,True,1788326539
00000000000000000000612c6c03a9b1465947557f7d45a82aeca20156902ff8,965136,1,2026-09-02 07:00:09.991673+00,2026-09-02 07:00:09.991673+00,965136,1,965136,965136,True,0,0,True,True,1788333110
000000000000000000010e8688eaf132b724b574c244207ac962d30587979c4d,965166,46,2026-09-02 12:10:22.741237+00,2026-09-02 12:10:22.741237+00,965172,46,965172,965172,True,6,0,False,True,1788355682
00000000000000000000d3b0f4905a4d1dc5366526c311004e9468743df764d3,965186,1,2026-09-02 14:15:02.657244+00,2026-09-02 14:15:02.657244+00,965186,1,965186,965186,True,0,0,True,True,1788361783
00000000000000000001cdf261f0d8f52bd73ce76a1fea3412372bf33e9f746f,965200,177,2026-09-02 18:10:20.481515+00,2026-09-02 18:10:20.481515+00,965203,177,965203,965203,True,3,0,False,True,1788373863
